IP Address,Login Source,Login Date & Time
73.228.99.161,Mobile,"Jun 17, 2019, 2:33:05 PM"
52.46.47.190,Mobile,"Jun 18, 2019, 5:44:01 AM"
73.228.99.161,Mobile,"Jul 30, 2019, 3:50:14 PM"
38.148.41.68,Web,"Dec 23, 2023, 6:50:13 PM"
38.148.41.68,Web,"Dec 29, 2023, 8:12:14 PM"
38.148.41.68,Web,"Dec 30, 2023, 4:48:59 AM"
38.148.41.68,Web,"Dec 30, 2023, 5:57:29 PM"
185.172.189.201,Web,"Feb 9, 2024, 6:14:45 PM"
185.172.189.72,Web,"Feb 20, 2024, 7:28:42 PM"
185.172.189.72,Web,"Mar 22, 2024, 2:35:46 PM"
185.172.188.108,Web,"Apr 29, 2024, 4:32:59 PM"
38.148.41.68,Web,"May 12, 2024, 6:54:20 PM"
185.172.189.88,Web,"Jun 13, 2024, 12:29:13 PM"
185.172.189.72,Web,"Jul 23, 2024, 1:10:55 PM"
185.172.189.72,Web,"Aug 26, 2024, 1:51:12 PM"
38.42.206.11,Web,"Aug 30, 2024, 9:46:08 PM"
