Promotion Seen,Timestamp
FeedFollowOptionCoachmark,1595299968
GapActivityDetailUpsell,1595274842
GapActivityDetailUpsell,1599837017
GapActivityDetailUpsell,1599837079
GapActivityDetailUpsell,1696983390
GapActivityDetailUpsell,1703297695
GapActivityDetailUpsell,1712015687
GapActivityDetailUpsell,1712015714
GapActivityDetailUpsell,1715539704
GapActivityDetailUpsell,1718152720
GapActivityDetailUpsell,1718485976
GapActivityDetailFeatureEd,1694182140
GapActivityDetailFeatureEd,1694399871
GapActivityDetailFeatureEd,1694399874
GoalsProfileFeatureEducation,1597503667
GoalsProfileFeatureEducation,1597503672
GoalsProfileFeatureEducation,1597503673
GoalsProfileFeatureEducation,1597503677
EvergreenStatsFeatureEd,1620073408
EvergreenStatsShareFeatureEd,1698354948
NavigationTabHome,1620328714
NavigationTabYou,1625161033
NavigationTabYouProgress,1625161032
NavigationTabYouActivities,1627313528
NavigationTabYouProfile,1632402260
NavigationTabMapsRoutes,1625161019
NavigationTabGroupsActive,1625161029
NavigationYouActivitiesEducationDismissed,1653341045
NavigationHomeEducationCoachmarkImpression,1620328714
NavigationHomeEducationCoachmarkImpression,1620414900
NavigationHomeEducationCoachmarkImpression,1621092478
NavigationHomeEducationCoachmarkImpression,1621105897
NavigationHomeEducationCoachmarkImpression,1621446478
NavigationYouProgressEducationCoachmarkImpression,1625161032
NavigationYouProgressEducationCoachmarkImpression,1627313526
NavigationYouProgressEducationCoachmarkImpression,1633027935
NavigationYouProgressEducationCoachmarkImpression,1643216142
NavigationYouActivitiesEducationCoachmarkImpression,1653340867
NavigationTabEducationModalMapsJ2,1625161020
NavigationTabEducationModalGroupsJ2,1625161030
ActivityDetailsLeaderboardQualityCoachmark,1660273824
RecordScreenBeaconCoachmark,1708883542
MapSettingsPersonalHeatmapCoachmark,1695445238
MapSettingsButtonPersonalHeatmapFeatureEd,1700189728
MapVisibilityFeedCoachmarkImpression,1676751048
MapVisibilityFeedCoachmarkImpression,1677872166
MapVisibilityFeedCoachmarkImpression,1678237085
MapVisibilityFeedCoachmarkImpression,1680817000
MapVisibilityFeedCoachmarkImpression,1681052575
MapVisibilityFeedCoachmarkImpression,1681052624
MapVisibilityRowReinforcementImpression,1677872167
MapVisibilityRowReinforcementImpression,1678237060
MapVisibilityRowReinforcementImpression,1678237086
MapVisibilityRowReinforcementImpression,1678237088
MapVisibilityRowReinforcementImpression,1680817001
MapVisibilityRowReinforcementImpression,1680817314
MapVisibilityActivityCoachmarkImpression,1641702664
MapVisibilityActivityCoachmarkImpression,1641702676
MapVisibilityActivityCoachmarkImpression,1641702699
MapVisibilityActivityCoachmarkImpression,1652554262
MapVisibilityActivityCoachmarkImpression,1652554275
MapVisibilityActivityCoachmarkImpression,1652554331
WelcomeBackKudosCoachmarkImpression,1640359309
WelcomeBackKudosCoachmarkImpression,1641009849
WelcomeBackKudosCoachmarkImpression,1641410576
WelcomeBackKudosCoachmarkImpression,1641625612
WelcomeBackKudosCoachmarkImpression,1641655194
WelcomeBackKudosCoachmarkImpression,1641702511
WelcomeBackKudosCoachmarkImpression,1642089455
WelcomeBackKudosCoachmarkImpression,1642143198
WelcomeBackKudosCoachmarkImpression,1642424011
WelcomeBackKudosCoachmarkImpression,1642424013
WelcomeBackKudosCoachmarkImpression,1642797082
WelcomeBackKudosCoachmarkImpression,1643216114
WelcomeBackKudosCoachmarkImpression,1643363225
WelcomeBackKudosCoachmarkImpression,1643737341
WelcomeBackKudosCoachmarkImpression,1643924397
WelcomeBackKudosCoachmarkImpression,1648404037
WelcomeBackKudosCoachmarkImpression,1649107972
WelcomeBackKudosCoachmarkImpression,1649525433
WelcomeBackKudosCoachmarkImpression,1650046818
WelcomeBackKudosCoachmarkImpression,1656426938
WelcomeBackKudosCoachmarkImpression,1657206692
WelcomeBackKudosCoachmarkImpression,1670516605
WelcomeBackKudosCoachmarkImpression,1674652651
WelcomeBackKudosCoachmarkImpression,1677872101
WelcomeBackKudosCoachmarkImpression,1677872167
WelcomeBackKudosCoachmarkImpression,1680816884
WelcomeBackKudosCoachmarkImpression,1681081473
WelcomeBackKudosCoachmarkImpression,1681081789
WelcomeBackKudosCoachmarkImpression,1681842178
WelcomeBackKudosCoachmarkImpression,1689073606
WelcomeBackKudosCoachmarkImpression,1689073656
WelcomeBackKudosCoachmarkImpression,1692390418
WelcomeBackKudosCoachmarkImpression,1699292812
WelcomeBackKudosCoachmarkImpression,1699308149
WelcomeBackKudosCoachmarkImpression,1700604764
WelcomeBackKudosCoachmarkImpression,1700604832
WelcomeBackKudosCoachmarkImpression,1700624125
WelcomeBackKudosCoachmarkImpression,1700792909
WelcomeBackKudosCoachmarkImpression,1700840255
WelcomeBackKudosCoachmarkImpression,1700840267
WelcomeBackKudosCoachmarkImpression,1700928404
WelcomeBackKudosCoachmarkImpression,1700929158
WelcomeBackKudosCoachmarkImpression,1701303254
WelcomeBackKudosCoachmarkImpression,1701311943
WelcomeBackKudosCoachmarkImpression,1701375454
WelcomeBackKudosCoachmarkImpression,1701398048
WelcomeBackKudosCoachmarkImpression,1702223580
WelcomeBackKudosCoachmarkImpression,1702225585
WelcomeBackKudosCoachmarkImpression,1702225586
WelcomeBackKudosCoachmarkImpression,1702388756
WelcomeBackKudosCoachmarkImpression,1702419060
WelcomeBackKudosCoachmarkImpression,1702438880
WelcomeBackKudosCoachmarkImpression,1706977010
WelcomeBackKudosCoachmarkImpression,1706989818
WelcomeBackKudosCoachmarkImpression,1707023025
WelcomeBackKudosCoachmarkImpression,1707659390
RouteFromActivityMoreOptionsButtonCoachmark,1641702616
RouteFromActivitySaveButtonCoachmark,1652554197
MapVisibilitySettingCogCoachmark,1655316381
Map3dEducationVisibility,1652554197
WinbackNotificationSeen,1648404024
WinbackNotificationSeen,1649525427
WinbackNotificationSeen,1656786392
WinbackNotificationSeen,1661527495
WinbackNotificationSeen,1662302823
WinbackNotificationSeen,1662681917
WinbackNotificationSeen,1663716190
WinbackNotificationSeen,1666881585
WinbackNotificationSeen,1677176904
WinbackNotificationSeen,1681258133
WinbackNotificationSeen,1687642995
WinbackNotificationSeen,1691939372
WinbackNotificationSeen,1699287168
WinbackNotificationSeen,1700595006
WinbackNotificationSeen,1701109473
WinbackNotificationSeen,1702169393
WinbackNotificationSeen,1706798385
WinbackNotificationSeen,1707611528
MentionsSettingCogCoachmark,1655316381
AppleHealthWinbackOverlay,1681081190
MapsTabDirtSports,1695445238
Tdf2022FeedFollow,1656013076
Tdf2022FeedFollow,1656426938
Tdf2022FeedFollow,1657206691
MapsTabDirtFirstTimeExperienceFree,1710719334
OfflineMapsFirstTimeExperience,1710719334
VideoNotificationMonthlySoftLimit,1664214753
VideoNotificationMonthlySoftLimit,1672603624
VideoNotificationHardLimit,1664214753
VideoNotificationHardLimit,1672603624
SettingsStudentPlanNewLabel,1670516607
FollowingFeedDoradoCooldown,1660273730
FollowingFeedDoradoCooldown,1676751008
FollowingFeedDoradoCooldown,1676751009
FollowingFeedDoradoCooldown,1676751048
CommentNotificationCoachmark,1660273814
FollowModeCoachmark,1708883542
PostSubscriptionPreviewModalImpression,1708457464
SubPreviewMapsOverlay,1695445238
SubPreviewGroupTab,1694399567
SubPreviewYouTab,1694399660
SubPreviewActivitiesFeedBanner,1694399660
SubPreviewActivitiesFeedBanner,1694568768
SubPreviewActivitiesFeedBanner,1694741093
SubPreviewProgressBanner,1694568767
SubPreviewProgressBanner,1694741092
SubPreviewProgressBanner,1694836759
SubPreviewWelcomeModalImpression,1694399567
SubPreviewConversionModalImpression,1696950751
SubPreviewConversionModalImpression,1696983365
SubPreviewConversionModalImpression,1697059858
SubPreviewConversionModalImpression,1710496027
SubPreviewConversionModalImpression,1712927002
WebMediaUploaderFeatureEd,1703357614
WebMediaUploaderFeatureEd,1703357635
WebMediaUploaderFeatureEd,1715540319
WebMediaUploaderFeatureEd,1715540342
WebMediaUploaderFeatureEd,1715540355
WebMediaUploaderFeatureEd,1715540576
WebMediaUploaderFeatureEd,1715540696
WebMediaUploaderFeatureEd,1715540880
WebMediaUploaderFeatureEd,1715540958
WebMediaUploaderFeatureEd,1715541052
WebMediaUploaderFeatureEd,1715541067
WebMediaUploaderFeatureEd,1715541117
WebMediaUploaderFeatureEd,1715541162
WebMediaUploaderFeatureEd,1715541472
WebMediaUploaderFeatureEd,1715541542
WebMediaUploaderFeatureEd,1715541674
WebMediaUploaderFeatureEd,1715541700
WebMediaUploaderFeatureEd,1715541715
WebMediaUploaderFeatureEd,1715541792
WebMediaUploaderFeatureEd,1715541946
WebMediaUploaderFeatureEd,1715542004
WebMediaUploaderFeatureEd,1715542262
WebMediaUploaderFeatureEd,1715542320
WebMediaUploaderFeatureEd,1715542449
WebMediaUploaderFeatureEd,1715542491
WebMediaUploaderFeatureEd,1715542524
WebMediaUploaderFeatureEd,1715542603
WebMediaUploaderFeatureEd,1715542624
WebMediaUploaderFeatureEd,1715542695
WebMediaUploaderFeatureEd,1715542820
WebMediaUploaderFeatureEd,1715542841
WebMediaUploaderFeatureEd,1715542898
WebMediaUploaderFeatureEd,1715542946
WebMediaUploaderFeatureEd,1723122209
WebMediaUploaderFeatureEd2,1703357486
WebMediaUploaderFeatureEd2,1703357527
WebMediaUploaderFeatureEd2,1703357598
WebMediaUploaderFeatureEd2,1703357610
FollowingFeedDoradoCooldownSix,1689073604
FollowingFeedDoradoCooldownSix,1689073605
FollowingFeedDoradoCooldownSix,1689073654
FollowingFeedDoradoCooldownSix,1689073655
FollowingFeedDoradoCooldownSix,1692390416
FollowingFeedDoradoCooldownSix,1692390417
FollowingFeedDoradoCooldownSix,1692390577
FollowingFeedDoradoCooldownSix,1692390578
FollowingFeedDoradoCooldownSix,1692563720
FollowingFeedDoradoCooldownSix,1692563721
FollowingFeedDoradoCooldownSix,1693632248
FollowingFeedDoradoCooldownSix,1693632249
FollowingFeedDoradoCooldownSix,1693862621
FollowingFeedDoradoCooldownSix,1693862623
FollowingFeedDoradoCooldownSix,1693862640
FollowingFeedDoradoCooldownSix,1693862642
FollowingFeedDoradoCooldownSix,1694062257
FollowingFeedDoradoCooldownSix,1694062258
FollowingFeedDoradoCooldownSix,1694182041
FollowingFeedDoradoCooldownSix,1694182042
FollowingFeedDoradoCooldownSix,1694182088
FollowingFeedDoradoCooldownSix,1694182089
FollowingFeedDoradoCooldownSix,1694399566
FollowingFeedDoradoCooldownSix,1694399567
FollowingFeedDoradoCooldownSix,1694471416
FollowingFeedDoradoCooldownSix,1694471417
FollowingFeedDoradoCooldownSix,1694539298
FollowingFeedDoradoCooldownSix,1694539464
FollowingFeedDoradoCooldownSix,1694568696
FollowingFeedDoradoCooldownSix,1694568697
FollowingFeedDoradoCooldownSix,1694568710
FollowingFeedDoradoCooldownSix,1694568711
FollowingFeedDoradoCooldownSix,1694656962
FollowingFeedDoradoCooldownSix,1694740819
FollowingFeedDoradoCooldownSix,1694740820
FollowingFeedDoradoCooldownSix,1694740855
FollowingFeedDoradoCooldownSix,1694836680
FollowingFeedDoradoCooldownSix,1694836681
FollowingFeedDoradoCooldownSix,1694836694
FollowingFeedDoradoCooldownSix,1694836695
FollowingFeedDoradoCooldownSix,1695089096
FollowingFeedDoradoCooldownSix,1695089097
FollowingFeedDoradoCooldownSix,1695169429
FollowingFeedDoradoCooldownSix,1695169430
FollowingFeedDoradoCooldownSix,1695263644
FollowingFeedDoradoCooldownSix,1695263645
FollowingFeedDoradoCooldownSix,1695263662
FollowingFeedDoradoCooldownSix,1695347176
FollowingFeedDoradoCooldownSix,1695347177
FollowingFeedDoradoCooldownSix,1695347194
FollowingFeedDoradoCooldownSix,1695445119
FollowingFeedDoradoCooldownSix,1695445120
FollowingFeedDoradoCooldownSix,1695479302
FollowingFeedDoradoCooldownSix,1695479318
FollowingFeedDoradoCooldownSix,1695479339
FollowingFeedDoradoCooldownSix,1695507527
FollowingFeedDoradoCooldownSix,1695606987
FollowingFeedDoradoCooldownSix,1695607119
FollowingFeedDoradoCooldownSix,1695607120
FollowingFeedDoradoCooldownSix,1695769431
FollowingFeedDoradoCooldownSix,1695769432
FollowingFeedDoradoCooldownSix,1695769442
FollowingFeedDoradoCooldownSix,1695769677
FollowingFeedDoradoCooldownSix,1695782018
FollowingFeedDoradoCooldownSix,1695782019
FollowingFeedDoradoCooldownSix,1695870184
FollowingFeedDoradoCooldownSix,1695870185
FollowingFeedDoradoCooldownSix,1695870195
FollowingFeedDoradoCooldownSix,1695870196
FollowingFeedDoradoCooldownSix,1696008014
FollowingFeedDoradoCooldownSix,1696085235
FollowingFeedDoradoCooldownSix,1696085249
FollowingFeedDoradoCooldownSix,1696085250
FollowingFeedDoradoCooldownSix,1696117289
FollowingFeedDoradoCooldownSix,1696117290
FollowingFeedDoradoCooldownSix,1696131254
FollowingFeedDoradoCooldownSix,1696191671
FollowingFeedDoradoCooldownSix,1696191690
FollowingFeedDoradoCooldownSix,1696191695
FollowingFeedDoradoCooldownSix,1696191696
FollowingFeedDoradoCooldownSix,1696191709
FollowingFeedDoradoCooldownSix,1696191710
FollowingFeedDoradoCooldownSix,1696513455
FollowingFeedDoradoCooldownSix,1696513456
FollowingFeedDoradoCooldownSix,1696513470
FollowingFeedDoradoCooldownSix,1696513471
FollowingFeedDoradoCooldownSix,1696555175
FollowingFeedDoradoCooldownSix,1696555176
FollowingFeedDoradoCooldownSix,1696692438
FollowingFeedDoradoCooldownSix,1696692458
FollowingFeedDoradoCooldownSix,1696737205
FollowingFeedDoradoCooldownSix,1696737206
FollowingFeedDoradoCooldownSix,1696818226
FollowingFeedDoradoCooldownSix,1696818227
FollowingFeedDoradoCooldownSix,1696950751
FollowingFeedDoradoCooldownSix,1696950752
FollowingFeedDoradoCooldownSix,1696950809
FollowingFeedDoradoCooldownSix,1696950810
FollowingFeedDoradoCooldownSix,1696976802
FollowingFeedDoradoCooldownSix,1696976803
FollowingFeedDoradoCooldownSix,1697059858
FollowingFeedDoradoCooldownSix,1697059872
FollowingFeedDoradoCooldownSix,1697059923
FollowingFeedDoradoCooldownSix,1697059924
FollowingFeedDoradoCooldownSix,1697233042
FollowingFeedDoradoCooldownSix,1697233043
FollowingFeedDoradoCooldownSix,1697233058
FollowingFeedDoradoCooldownSix,1697233060
FollowingFeedDoradoCooldownSix,1697295301
FollowingFeedDoradoCooldownSix,1697295302
FollowingFeedDoradoCooldownSix,1697410232
FollowingFeedDoradoCooldownSix,1697410233
FollowingFeedDoradoCooldownSix,1697410241
FollowingFeedDoradoCooldownSix,1697592797
FollowingFeedDoradoCooldownSix,1697592809
FollowingFeedDoradoCooldownSix,1697592810
FollowingFeedDoradoCooldownSix,1697592816
FollowingFeedDoradoCooldownSix,1697592817
FollowingFeedDoradoCooldownSix,1697672927
FollowingFeedDoradoCooldownSix,1697898788
FollowingFeedDoradoCooldownSix,1697898789
FollowingFeedDoradoCooldownSix,1697898807
FollowingFeedDoradoCooldownSix,1697898808
FollowingFeedDoradoCooldownSix,1698092556
FollowingFeedDoradoCooldownSix,1698092557
FollowingFeedDoradoCooldownSix,1698092600
FollowingFeedDoradoCooldownSix,1698092601
FollowingFeedDoradoCooldownSix,1698108497
FollowingFeedDoradoCooldownSix,1698108498
FollowingFeedDoradoCooldownSix,1698272199
FollowingFeedDoradoCooldownSix,1698272200
FollowingFeedDoradoCooldownSix,1698272290
FollowingFeedDoradoCooldownSix,1698272291
FollowingFeedDoradoCooldownSix,1698354742
FollowingFeedDoradoCooldownSix,1698360235
FollowingFeedDoradoCooldownSix,1698360236
FollowingFeedDoradoCooldownSix,1698503342
FollowingFeedDoradoCooldownSix,1698503343
FollowingFeedDoradoCooldownSix,1698503362
FollowingFeedDoradoCooldownSix,1698698015
FollowingFeedDoradoCooldownSix,1698698016
FollowingFeedDoradoCooldownSix,1698698021
FollowingFeedDoradoCooldownSix,1698698022
FollowingFeedDoradoCooldownSix,1698767510
FollowingFeedDoradoCooldownSix,1698767511
FollowingFeedDoradoCooldownSix,1698876653
FollowingFeedDoradoCooldownSix,1698876654
FollowingFeedDoradoCooldownSix,1698876665
FollowingFeedDoradoCooldownSix,1698876666
FollowingFeedDoradoCooldownSix,1698876675
FollowingFeedDoradoCooldownSix,1698876679
FollowingFeedDoradoCooldownSix,1699109202
FollowingFeedDoradoCooldownSix,1699109203
FollowingFeedDoradoCooldownSix,1699109230
FollowingFeedDoradoCooldownSix,1699110131
FollowingFeedDoradoCooldownSix,1699110132
FollowingFeedDoradoCooldownSix,1699192378
FollowingFeedDoradoCooldownSix,1699292811
FollowingFeedDoradoCooldownSix,1699292812
FollowingFeedDoradoCooldownSix,1699308148
FollowingFeedDoradoCooldownSix,1699308149
FollowingFeedDoradoCooldownSix,1699395223
FollowingFeedDoradoCooldownSix,1699559562
FollowingFeedDoradoCooldownSix,1699559563
FollowingFeedDoradoCooldownSix,1699586083
FollowingFeedDoradoCooldownSix,1699586084
FollowingFeedDoradoCooldownSix,1699714843
FollowingFeedDoradoCooldownSix,1699714847
FollowingFeedDoradoCooldownSix,1699714897
FollowingFeedDoradoCooldownSix,1699714898
FollowingFeedDoradoCooldownSix,1699718508
FollowingFeedDoradoCooldownSix,1699718509
FollowingFeedDoradoCooldownSix,1699805815
FollowingFeedDoradoCooldownSix,1699844530
FollowingFeedDoradoCooldownSix,1699844531
FollowingFeedDoradoCooldownSix,1699999452
FollowingFeedDoradoCooldownSix,1699999453
FollowingFeedDoradoCooldownSix,1700087074
FollowingFeedDoradoCooldownSix,1700087077
FollowingFeedDoradoCooldownSix,1700087159
FollowingFeedDoradoCooldownSix,1700087160
FollowingFeedDoradoCooldownSix,1700103824
FollowingFeedDoradoCooldownSix,1700103825
FollowingFeedDoradoCooldownSix,1700256179
FollowingFeedDoradoCooldownSix,1700256181
FollowingFeedDoradoCooldownSix,1700256203
FollowingFeedDoradoCooldownSix,1700276997
FollowingFeedDoradoCooldownSix,1700276998
FollowingFeedDoradoCooldownSix,1700317114
FollowingFeedDoradoCooldownSix,1700519015
FollowingFeedDoradoCooldownSix,1700519019
FollowingFeedDoradoCooldownSix,1700519021
FollowingFeedDoradoCooldownSix,1700536394
FollowingFeedDoradoCooldownSix,1700536395
FollowingFeedDoradoCooldownSix,1700536472
FollowingFeedDoradoCooldownSix,1700624124
FollowingFeedDoradoCooldownSix,1700659741
FollowingFeedDoradoCooldownSix,1700659746
FollowingFeedDoradoCooldownSix,1700748118
FollowingFeedDoradoCooldownSix,1700748119
FollowingFeedDoradoCooldownSix,1700748136
FollowingFeedDoradoCooldownSix,1700748137
FollowingFeedDoradoCooldownSix,1700792909
FollowingFeedDoradoCooldownSix,1700840254
FollowingFeedDoradoCooldownSix,1700840255
FollowingFeedDoradoCooldownSix,1700840266
FollowingFeedDoradoCooldownSix,1700858490
FollowingFeedDoradoCooldownSix,1700858491
FollowingFeedDoradoCooldownSix,1700928403
FollowingFeedDoradoCooldownSix,1700929157
FollowingFeedDoradoCooldownSix,1700929158
FollowingFeedDoradoCooldownSix,1700972323
FollowingFeedDoradoCooldownSix,1701123235
FollowingFeedDoradoCooldownSix,1701123238
FollowingFeedDoradoCooldownSix,1701123265
FollowingFeedDoradoCooldownSix,1701145339
FollowingFeedDoradoCooldownSix,1701145340
FollowingFeedDoradoCooldownSix,1701209760
FollowingFeedDoradoCooldownSix,1701209761
FollowingFeedDoradoCooldownSix,1701209782
FollowingFeedDoradoCooldownSix,1701303254
FollowingFeedDoradoCooldownSix,1701303255
FollowingFeedDoradoCooldownSix,1701311942
FollowingFeedDoradoCooldownSix,1701311943
FollowingFeedDoradoCooldownSix,1701375453
FollowingFeedDoradoCooldownSix,1701381223
FollowingFeedDoradoCooldownSix,1701398047
FollowingFeedDoradoCooldownSix,1701451694
FollowingFeedDoradoCooldownSix,1701451695
FollowingFeedDoradoCooldownSix,1701451702
FollowingFeedDoradoCooldownSix,1701529052
FollowingFeedDoradoCooldownSix,1701529053
FollowingFeedDoradoCooldownSix,1701529072
FollowingFeedDoradoCooldownSix,1701546226
FollowingFeedDoradoCooldownSix,1701546227
FollowingFeedDoradoCooldownSix,1701581182
FollowingFeedDoradoCooldownSix,1701659770
FollowingFeedDoradoCooldownSix,1701728622
FollowingFeedDoradoCooldownSix,1701728631
FollowingFeedDoradoCooldownSix,1701732609
FollowingFeedDoradoCooldownSix,1701732610
FollowingFeedDoradoCooldownSix,1701800091
FollowingFeedDoradoCooldownSix,1701813388
FollowingFeedDoradoCooldownSix,1701901289
FollowingFeedDoradoCooldownSix,1701901290
FollowingFeedDoradoCooldownSix,1701986626
FollowingFeedDoradoCooldownSix,1701986628
FollowingFeedDoradoCooldownSix,1701986645
FollowingFeedDoradoCooldownSix,1701986646
FollowingFeedDoradoCooldownSix,1702051067
FollowingFeedDoradoCooldownSix,1702051068
FollowingFeedDoradoCooldownSix,1702167125
FollowingFeedDoradoCooldownSix,1702167126
FollowingFeedDoradoCooldownSix,1702223579
FollowingFeedDoradoCooldownSix,1702223580
FollowingFeedDoradoCooldownSix,1702225584
FollowingFeedDoradoCooldownSix,1702225585
FollowingFeedDoradoCooldownSix,1702262941
FollowingFeedDoradoCooldownSix,1702262942
FollowingFeedDoradoCooldownSix,1702388754
FollowingFeedDoradoCooldownSix,1702388755
FollowingFeedDoradoCooldownSix,1702419058
FollowingFeedDoradoCooldownSix,1702419059
FollowingFeedDoradoCooldownSix,1702438879
FollowingFeedDoradoCooldownSix,1702506827
FollowingFeedDoradoCooldownSix,1702506828
FollowingFeedDoradoCooldownSix,1702506868
FollowingFeedDoradoCooldownSix,1702506869
FollowingFeedDoradoCooldownSix,1702522239
FollowingFeedDoradoCooldownSix,1702527210
FollowingFeedDoradoCooldownSix,1705103324
FollowingFeedDoradoCooldownSix,1705103325
FollowingFeedDoradoCooldownSix,1705104877
FollowingFeedDoradoCooldownSix,1705236461
FollowingFeedDoradoCooldownSix,1705236462
FollowingFeedDoradoCooldownSix,1705369054
FollowingFeedDoradoCooldownSix,1705452654
FollowingFeedDoradoCooldownSix,1705459192
FollowingFeedDoradoCooldownSix,1705596538
FollowingFeedDoradoCooldownSix,1705596574
FollowingFeedDoradoCooldownSix,1705983924
FollowingFeedDoradoCooldownSix,1705983925
FollowingFeedDoradoCooldownSix,1705983995
FollowingFeedDoradoCooldownSix,1706199503
FollowingFeedDoradoCooldownSix,1706199504
FollowingFeedDoradoCooldownSix,1706283319
FollowingFeedDoradoCooldownSix,1706283320
FollowingFeedDoradoCooldownSix,1706283439
FollowingFeedDoradoCooldownSix,1706283440
FollowingFeedDoradoCooldownSix,1706372880
FollowingFeedDoradoCooldownSix,1706372881
FollowingFeedDoradoCooldownSix,1706378234
FollowingFeedDoradoCooldownSix,1706378235
FollowingFeedDoradoCooldownSix,1706535101
FollowingFeedDoradoCooldownSix,1706709905
FollowingFeedDoradoCooldownSix,1706739959
FollowingFeedDoradoCooldownSix,1706758870
FollowingFeedDoradoCooldownSix,1706977005
FollowingFeedDoradoCooldownSix,1706989816
FollowingFeedDoradoCooldownSix,1707023023
FollowingFeedDoradoCooldownSix,1707354241
FollowingFeedDoradoCooldownSix,1707354271
FollowingFeedDoradoCooldownSix,1707450881
FollowingFeedDoradoCooldownSix,1707502485
FollowingFeedDoradoCooldownSix,1707518091
FollowingFeedDoradoCooldownSix,1707582116
FollowingFeedDoradoCooldownSix,1707582131
FollowingFeedDoradoCooldownSix,1707607143
FollowingFeedDoradoCooldownSix,1707659390
FollowingFeedDoradoCooldownSix,1707692720
FollowingFeedDoradoCooldownSix,1707750563
FollowingFeedDoradoCooldownSix,1707863246
FollowingFeedDoradoCooldownSix,1707863247
FollowingFeedDoradoCooldownSix,1708056329
FollowingFeedDoradoCooldownSix,1708194455
FollowingFeedDoradoCooldownSix,1708194456
FollowingFeedDoradoCooldownSix,1708276843
FollowingFeedDoradoCooldownSix,1708276844
FollowingFeedDoradoCooldownSix,1708289403
FollowingFeedDoradoCooldownSix,1708345645
FollowingFeedDoradoCooldownSix,1708457322
FollowingFeedDoradoCooldownSix,1708462033
FollowingFeedDoradoCooldownSix,1708486810
FollowingFeedDoradoCooldownSix,1708625370
FollowingFeedDoradoCooldownSix,1708654882
FollowingFeedDoradoCooldownSix,1708709092
FollowingFeedDoradoCooldownSix,1708792358
FollowingFeedDoradoCooldownSix,1708883368
FollowingFeedDoradoCooldownSix,1708969863
FollowingFeedDoradoCooldownSix,1709047097
FollowingFeedDoradoCooldownSix,1709047142
FollowingFeedDoradoCooldownSix,1709316087
FollowingFeedDoradoCooldownSix,1709316088
FollowingFeedDoradoCooldownSix,1709584495
FollowingFeedDoradoCooldownSix,1709669638
FollowingFeedDoradoCooldownSix,1709913092
FollowingFeedDoradoCooldownSix,1709922756
FollowingFeedDoradoCooldownSix,1710077284
FollowingFeedDoradoCooldownSix,1710123772
FollowingFeedDoradoCooldownSix,1710166459
FollowingFeedDoradoCooldownSix,1725020852
FollowingFeedDoradoCooldownSix,1725023084
FollowingFeedDoradoCooldownSix,1725024298
FollowingFeedDoradoCooldownSix,1725027816
FollowingFeedDoradoCooldownSix,1725027819
FollowingFeedDoradoCooldownSix,1725027864
FollowingFeedDoradoCooldownSix,1725027925
FollowingFeedDoradoCooldownSix,1725030301
FollowingFeedDoradoCooldownSix,1725043452
FollowingFeedDoradoCooldownSix,1725048863
FollowingFeedDoradoCooldownSix,1725054230
FollowingFeedDoradoCooldownSix,1725054368
ClubDetailV2FirstVisitModal,1701546239
NewTermsOfService,1692390416
SuggestedRoutesInFeed,1698354742
SuggestedRoutesInFeed,1698360235
SuggestedRoutesInFeed,1698503342
SuggestedRoutesInFeed,1698503362
SuggestedRoutesInFeed,1698961628
SuggestedRoutesInFeed,1698961644
SuggestedRoutesInFeed,1699109202
SuggestedRoutesInFeed,1699109230
SuggestedRoutesInFeed,1699110131
SuggestedRoutesInFeed,1699192378
SuggestedRoutesInFeed,1699559562
SuggestedRoutesInFeed,1699586083
SuggestedRoutesInFeed,1699714843
SuggestedRoutesInFeed,1699714897
SuggestedRoutesInFeed,1699718508
SuggestedRoutesInFeed,1699805815
SuggestedRoutesInFeed,1700103824
SuggestedRoutesInFeed,1700141056
SuggestedRoutesInFeed,1700141057
SuggestedRoutesInFeed,1700172734
SuggestedRoutesInFeed,1700256179
SuggestedRoutesInFeed,1700256203
SuggestedRoutesInFeed,1700276997
SuggestedRoutesInFeed,1700317114
SuggestedRoutesInFeed,1700317130
SuggestedRoutesInFeed,1700317137
SuggestedRoutesInFeed,1700318339
SuggestedRoutesInFeed,1700748118
SuggestedRoutesInFeed,1700748136
SuggestedRoutesInFeed,1700792909
SuggestedRoutesInFeed,1700840254
SuggestedRoutesInFeed,1700840266
SuggestedRoutesInFeed,1700858490
SuggestedRoutesInFeed,1700928403
SuggestedRoutesInFeed,1700929157
SuggestedRoutesInFeed,1700972323
SuggestedRoutesInFeed,1701303254
SuggestedRoutesInFeed,1701311943
SuggestedRoutesInFeed,1701375453
SuggestedRoutesInFeed,1701381223
SuggestedRoutesInFeed,1701398047
SuggestedRoutesInFeed,1701451694
SuggestedRoutesInFeed,1701451702
SuggestedRoutesInFeed,1701529052
SuggestedRoutesInFeed,1701529072
SuggestedRoutesInFeed,1701546226
SuggestedRoutesInFeed,1701581182
SuggestedRoutesInFeed,1701986626
SuggestedRoutesInFeed,1701986645
SuggestedRoutesInFeed,1702051067
SuggestedRoutesInFeed,1702072523
SuggestedRoutesInFeed,1702072578
SuggestedRoutesInFeed,1702167125
SuggestedRoutesInFeed,1702223579
SuggestedRoutesInFeed,1702225584
SuggestedRoutesInFeed,1702225593
SuggestedRoutesInFeed,1702226679
SuggestedRoutesInFeed,1702237132
SuggestedRoutesInFeed,1702522239
SuggestedRoutesInFeed,1702527210
SuggestedRoutesInFeed,1702592703
SuggestedRoutesInFeed,1702592718
SuggestedRoutesInFeed,1702597783
SuggestedRoutesInFeed,1702597794
SuggestedRoutesInFeed,1702608980
SuggestedRoutesInFeed,1702677589
SuggestedRoutesInFeed,1702677598
SuggestedRoutesInFeed,1702741063
SuggestedRoutesInFeed,1702741095
SuggestedRoutesInFeed,1702741101
SuggestedRoutesInFeed,1702848820
SuggestedRoutesInFeed,1703136780
SuggestedRoutesInFeed,1703136821
SuggestedRoutesInFeed,1703173660
SuggestedRoutesInFeed,1703204920
SuggestedRoutesInFeed,1703204932
SuggestedRoutesInFeed,1703221289
SuggestedRoutesInFeed,1703221290
SuggestedRoutesInFeed,1703255570
SuggestedRoutesInFeed,1703297480
SuggestedRoutesInFeed,1703297481
SuggestedRoutesInFeed,1703297509
SuggestedRoutesInFeed,1703357168
SuggestedRoutesInFeed,1703357169
SuggestedRoutesInFeed,1703375744
SuggestedRoutesInFeed,1703443895
SuggestedRoutesInFeed,1703443976
SuggestedRoutesInFeed,1703747319
SuggestedRoutesInFeed,1703866205
SuggestedRoutesInFeed,1703866265
SuggestedRoutesInFeed,1703958368
SuggestedRoutesInFeed,1703958374
SuggestedRoutesInFeed,1703958662
SuggestedRoutesInFeed,1703958905
SuggestedRoutesInFeed,1703984795
SuggestedRoutesInFeed,1704001732
SuggestedRoutesInFeed,1704043734
SuggestedRoutesInFeed,1704043740
SuggestedRoutesInFeed,1704043825
SuggestedRoutesInFeed,1704329984
SuggestedRoutesInFeed,1704408720
SuggestedRoutesInFeed,1704412589
SuggestedRoutesInFeed,1704492690
SuggestedRoutesInFeed,1704562536
SuggestedRoutesInFeed,1704577339
SuggestedRoutesInFeed,1704577340
SuggestedRoutesInFeed,1704577359
SuggestedRoutesInFeed,1704638557
SuggestedRoutesInFeed,1705103324
SuggestedRoutesInFeed,1705104877
SuggestedRoutesInFeed,1705236461
SuggestedRoutesInFeed,1705596538
SuggestedRoutesInFeed,1706199503
SuggestedRoutesInFeed,1706283319
SuggestedRoutesInFeed,1706372880
SuggestedRoutesInFeed,1706372881
SuggestedRoutesInFeed,1706378234
SuggestedRoutesInFeed,1706758870
SuggestedRoutesInFeed,1706977005
SuggestedRoutesInFeed,1706989816
SuggestedRoutesInFeed,1707023023
SuggestedRoutesInFeed,1707354241
SuggestedRoutesInFeed,1707354271
SuggestedRoutesInFeed,1707450881
SuggestedRoutesInFeed,1707502485
SuggestedRoutesInFeed,1707518091
SuggestedRoutesInFeed,1707582116
SuggestedRoutesInFeed,1707582131
SuggestedRoutesInFeed,1707607143
SuggestedRoutesInFeed,1707659390
SuggestedRoutesInFeed,1707692720
SuggestedRoutesInFeed,1708056329
SuggestedRoutesInFeed,1708194455
SuggestedRoutesInFeed,1708194456
SuggestedRoutesInFeed,1708276843
SuggestedRoutesInFeed,1708276844
SuggestedRoutesInFeed,1708289403
SuggestedRoutesInFeed,1708625370
SuggestedRoutesInFeed,1708654882
SuggestedRoutesInFeed,1708709092
SuggestedRoutesInFeed,1708792358
SuggestedRoutesInFeed,1708883368
SuggestedRoutesInFeed,1709316087
SuggestedRoutesInFeed,1709316088
SuggestedRoutesInFeed,1709410003
SuggestedRoutesInFeed,1709420110
SuggestedRoutesInFeed,1709486876
SuggestedRoutesInFeed,1709913092
SuggestedRoutesInFeed,1709922756
SuggestedRoutesInFeed,1710077284
SuggestedRoutesInFeed,1724890265
SuggestedRoutesInFeed,1724931824
SuggestedRoutesInFeed,1724934505
SuggestedRoutesInFeed,1724949553
SuggestedRoutesInFeed,1724958394
SuggestedRoutesInFeed,1724960251
SuggestedRoutesInFeed,1724962876
SuggestedRoutesInFeed,1724967500
SuggestedRoutesInFeed,1725020852
SuggestedRoutesInFeed,1725023084
SuggestedRoutesInFeed,1725024298
SuggestedRoutesInFeed,1725027816
SuggestedRoutesInFeed,1725027819
SuggestedRoutesInFeed,1725027864
SuggestedRoutesInFeed,1725027925
SuggestedRoutesInFeed,1725030301
SuggestedRoutesInFeed,1725043452
SuggestedRoutesInFeed,1725048863
SuggestedRoutesInFeed,1725054230
SuggestedRoutesInFeed,1725054368
YouTabProfileMove,1700103914
RecordScreenSpotifyCoachmark,1716069620
ChatShareActivityInMessageCoachmark,1701732667
ChatFeatureTryCtaImpression,1701728649
ChatFeatureTryCtaImpression,1702592703
ChatFeatureTryCtaImpression,1708194456
ChatFeatureTryCtaImpression,1712927002
FlyoverEducationCoachmark,1705983981
YiSFeedCarousel2023,1702592703
YiSFeedCarousel2023,1702592718
YiSFeedCarousel2023,1702597783
YiSFeedCarousel2023,1702597794
YiSFeedCarousel2023,1703204920
YiSFeedCarousel2023,1703204932
YiSFeedCarousel2023,1703221289
YiSFeedCarousel2023,1703221290
YiSFeedCarousel2023,1703866205
YiSFeedCarousel2023,1703866265
YiSFeedCarousel2023,1703958368
YiSFeedCarousel2023,1703958374
BestEffortNotification,1703357223
BestEffortNotification,1704562441
BestEffortNotification,1704838356
BestEffortNotification,1705208933
BestEffortNotification,1706371588
BestEffortNotification,1706971075
BestEffortNotification,1708035352
ADPHalfsheetUpsell,1710123830
ActivityDetailsShareCoachmark,1713609107
ActivityQuickEdit,1724519795
ActivityQuickEdit,1724680186
ActivityQuickEdit,1724765584
ActivityQuickEdit,1724846528
ActivityQuickEdit,1724931853
CelebrationNthActivity500,1724846518
ProgressUpsell,1724958467
MapsRedesignModalUnseen,1724350967
VerifiedSegmentsInfoCoachmark,1722340187
VerifiedSegmentsInfoCoachmark,1722513562
HideStartTime,1720102396
ActivityQuickEditADP,1724519795
ActivityQuickEditADP,1724680186
ActivityQuickEditADP,1724765584
ActivityQuickEditADP,1724846528
ActivityQuickEditADP,1724931853
ParalympicsCarousel2024,1725054230
