Reaction Date,Reaction Type,Parent Type,Parent ID
"Jul 21, 2020, 2:53:01 AM",Kudos,Activity,3793310229
"Jul 21, 2020, 8:49:12 PM",Kudos,Activity,3795643881
"Aug 6, 2020, 10:56:01 PM",Kudos,Activity,3868856216
"Aug 11, 2020, 5:00:41 AM",Kudos,Activity,3894540502
"Aug 11, 2020, 5:00:43 AM",Kudos,Activity,3894562855
"Aug 11, 2020, 5:01:13 AM",Kudos,Activity,3893750960
"Aug 11, 2020, 5:01:16 AM",Kudos,Activity,3892246951
"Aug 11, 2020, 5:01:18 AM",Kudos,Activity,3892810478
"Aug 11, 2020, 4:04:41 PM",Kudos,Activity,3897353142
"Aug 12, 2020, 2:02:52 AM",Kudos,Activity,3899784167
"Aug 13, 2020, 2:24:08 AM",Kudos,Activity,3903124855
"Aug 13, 2020, 4:04:43 PM",Kudos,Activity,3907628631
"Aug 13, 2020, 9:04:26 PM",Kudos,Activity,3905265769
"Aug 15, 2020, 2:55:06 PM",Kudos,Activity,3916360573
"Aug 20, 2020, 1:34:55 AM",Kudos,Activity,3937802469
"Aug 21, 2020, 12:13:04 AM",Kudos,Activity,3941167482
"Aug 21, 2020, 4:22:16 PM",Kudos,Activity,3945549920
"Aug 22, 2020, 7:13:44 PM",Kudos,Activity,3950300673
"Aug 22, 2020, 7:14:26 PM",Kudos,Activity,3949914299
"Aug 22, 2020, 7:14:36 PM",Kudos,Activity,3949553342
"Aug 22, 2020, 7:14:42 PM",Kudos,Activity,3946739802
"Aug 22, 2020, 7:14:44 PM",Kudos,Activity,3946755952
"Aug 23, 2020, 10:29:25 PM",Kudos,Activity,3952319608
"Aug 23, 2020, 10:29:28 PM",Kudos,Activity,3955820965
"Aug 23, 2020, 10:29:37 PM",Kudos,Activity,3952319220
"Aug 24, 2020, 6:20:36 AM",Kudos,Activity,3954759407
"Aug 24, 2020, 10:39:31 PM",Kudos,Activity,3960903100
"Aug 24, 2020, 10:39:33 PM",Kudos,Activity,3961113948
"Aug 27, 2020, 3:23:16 PM",Kudos,Activity,3970856895
"Aug 27, 2020, 3:23:28 PM",Kudos,Activity,3971520397
"Aug 27, 2020, 3:23:32 PM",Kudos,Activity,3968576567
"Aug 31, 2020, 4:43:33 AM",Kudos,Activity,3983413421
"Aug 31, 2020, 4:43:37 AM",Kudos,Activity,3986924062
"Aug 31, 2020, 4:43:43 AM",Kudos,Activity,3980019143
"Aug 31, 2020, 4:43:47 AM",Kudos,Activity,3980173013
"Aug 31, 2020, 4:43:56 AM",Kudos,Activity,3983957071
"Sep 1, 2020, 3:27:17 PM",Kudos,Activity,3993417981
"Sep 3, 2020, 5:50:54 AM",Kudos,Activity,3998775288
"Sep 3, 2020, 7:51:57 PM",Kudos,Activity,4004192966
"Sep 5, 2020, 3:16:25 AM",Kudos,Activity,4008025016
"Sep 6, 2020, 3:35:24 PM",Kudos,Activity,4020982753
"Sep 8, 2020, 3:44:27 AM",Kudos,Activity,4027275694
"Sep 10, 2020, 2:31:53 PM",Kudos,Activity,4032127387
"Sep 10, 2020, 2:32:04 PM",Kudos,Activity,4035050833
"Sep 10, 2020, 9:36:47 PM",Kudos,Activity,4041230024
"Sep 10, 2020, 9:36:50 PM",Kudos,Activity,4041326944
"Sep 13, 2020, 1:44:27 PM",Kudos,Activity,4050964133
"Sep 13, 2020, 1:44:38 PM",Kudos,Activity,4050622932
"Sep 17, 2020, 4:57:29 PM",Kudos,Activity,4070492615
"Sep 17, 2020, 4:57:32 PM",Kudos,Activity,4068928541
"Sep 17, 2020, 4:57:53 PM",Kudos,Activity,4073513117
"Sep 17, 2020, 4:57:55 PM",Kudos,Activity,4073328514
"Sep 17, 2020, 4:57:58 PM",Kudos,Activity,4060895817
"Sep 17, 2020, 4:58:01 PM",Kudos,Activity,4060508081
"Sep 17, 2020, 4:58:06 PM",Kudos,Activity,4063405350
"Sep 17, 2020, 4:58:18 PM",Kudos,Activity,4061047786
"Sep 18, 2020, 5:46:59 PM",Kudos,Activity,4075778685
"Sep 18, 2020, 5:47:04 PM",Kudos,Activity,4077814215
"Sep 21, 2020, 5:02:49 AM",Kudos,Activity,4084440845
"Sep 21, 2020, 5:03:00 AM",Kudos,Activity,4080093641
"Sep 21, 2020, 5:03:08 AM",Kudos,Activity,4079317093
"Sep 23, 2020, 3:11:25 PM",Kudos,Activity,4084796647
"Sep 24, 2020, 3:59:33 PM",Kudos,Activity,4103383636
"Sep 26, 2020, 4:33:36 PM",Kudos,Activity,4112806970
"Sep 26, 2020, 4:33:43 PM",Kudos,Activity,4111379044
"Sep 26, 2020, 4:33:57 PM",Kudos,Activity,4111972689
"Sep 26, 2020, 4:33:59 PM",Kudos,Activity,4114433907
"Sep 27, 2020, 6:53:22 PM",Kudos,Activity,4115497099
"Sep 27, 2020, 6:53:25 PM",Kudos,Activity,4119986895
"Sep 27, 2020, 6:53:34 PM",Kudos,Activity,4115451589
"Oct 8, 2020, 9:33:12 PM",Kudos,Activity,4164331882
"Oct 8, 2020, 9:33:15 PM",Kudos,Activity,4161302197
"Apr 17, 2021, 9:39:54 PM",Kudos,Activity,5144974938
"Apr 17, 2021, 10:37:53 PM",Kudos,Activity,5143852828
"May 15, 2021, 7:12:57 PM",Kudos,Activity,5302389585
"Jul 1, 2021, 7:55:22 PM",Kudos,Activity,5400002389
"Sep 30, 2021, 6:50:15 PM",Kudos,Activity,5945099943
"Oct 1, 2021, 1:56:24 PM",Kudos,Activity,6045588252
"Oct 1, 2021, 1:56:28 PM",Kudos,Activity,5980175033
"Oct 1, 2021, 1:57:32 PM",Kudos,Activity,6041031307
"Oct 1, 2021, 1:57:33 PM",Kudos,Activity,6041031161
"Oct 1, 2021, 1:57:36 PM",Kudos,Activity,6032417810
"Oct 4, 2021, 12:40:30 PM",Kudos,Activity,6052534349
"Oct 4, 2021, 12:40:33 PM",Kudos,Activity,6052633609
"Apr 9, 2022, 5:30:38 PM",Kudos,Activity,6955606414
"Apr 9, 2022, 5:30:53 PM",Kudos,Activity,6954895744
"May 14, 2022, 6:48:41 PM",Kudos,Activity,7142621103
"May 14, 2022, 6:48:45 PM",Kudos,Activity,7142255519
"May 14, 2022, 6:48:48 PM",Kudos,Activity,7141587801
"Jun 15, 2022, 6:06:18 PM",Kudos,Activity,7292522264
"Feb 18, 2023, 8:13:07 PM",Kudos,Activity,8582369614
"Mar 3, 2023, 7:35:06 PM",Kudos,Activity,8651014071
"Mar 3, 2023, 7:35:18 PM",Kudos,Activity,8610663304
"Apr 6, 2023, 9:34:50 PM",Kudos,Activity,8834504302
"Apr 6, 2023, 9:35:51 PM",Kudos,Activity,8815459323
"Apr 9, 2023, 11:04:37 PM",Kudos,Activity,8862758249
"Apr 9, 2023, 11:04:40 PM",Kudos,Activity,8862758933
"Apr 9, 2023, 11:04:43 PM",Kudos,Activity,8862758329
"Apr 9, 2023, 11:09:52 PM",Kudos,Activity,8675020460
"Apr 11, 2023, 8:55:46 PM",Kudos,Activity,8872024986
"Apr 18, 2023, 6:23:16 PM",Kudos,Activity,8874954316
"Aug 18, 2023, 8:27:06 PM",Kudos,Activity,9673144851
"Aug 18, 2023, 8:27:33 PM",Kudos,Activity,9635466180
"Sep 2, 2023, 5:24:13 AM",Kudos,Activity,9763807631
"Sep 7, 2023, 4:51:14 AM",Kudos,Activity,9792255907
"Sep 7, 2023, 4:51:18 AM",Kudos,Activity,9795853281
"Sep 7, 2023, 4:51:53 AM",Kudos,Activity,9788883252
"Sep 7, 2023, 4:51:57 AM",Kudos,Activity,9791123708
"Sep 8, 2023, 2:10:53 PM",Kudos,Activity,9802591290
"Sep 11, 2023, 2:33:02 AM",Kudos,Activity,9824339177
"Sep 11, 2023, 2:33:48 AM",Kudos,Activity,9817105997
"Sep 12, 2023, 5:22:00 PM",Kudos,Activity,9810377789
"Sep 12, 2023, 5:23:00 PM",Kudos,Activity,9823819421
"Sep 12, 2023, 5:23:52 PM",Kudos,Activity,9828582320
"Sep 12, 2023, 5:24:19 PM",Kudos,Activity,9808596233
"Sep 15, 2023, 1:20:25 AM",Kudos,Activity,9851183720
"Sep 19, 2023, 2:05:12 AM",Kudos,Activity,9862986830
"Sep 19, 2023, 2:05:43 AM",Kudos,Activity,9862995124
"Sep 19, 2023, 2:06:09 AM",Kudos,Activity,9874754051
"Sep 19, 2023, 2:06:29 AM",Kudos,Activity,9876555555
"Sep 19, 2023, 2:06:43 AM",Kudos,Activity,9860758164
"Sep 23, 2023, 4:58:54 AM",Kudos,Activity,9901462925
"Sep 23, 2023, 4:58:58 AM",Kudos,Activity,9898777757
"Sep 23, 2023, 4:59:06 AM",Kudos,Activity,9898874273
"Sep 23, 2023, 4:59:40 AM",Kudos,Activity,9893629872
"Sep 23, 2023, 2:28:28 PM",Kudos,Activity,9905117371
"Sep 23, 2023, 10:20:03 PM",Kudos,Activity,9907030683
"Sep 23, 2023, 10:20:13 PM",Kudos,Activity,9905375556
"Sep 23, 2023, 10:20:30 PM",Kudos,Activity,9905418893
"Sep 23, 2023, 10:20:40 PM",Kudos,Activity,9905532755
"Sep 25, 2023, 1:56:36 AM",Kudos,Activity,9914179475
"Sep 25, 2023, 1:56:39 AM",Kudos,Activity,9914177597
"Sep 25, 2023, 1:58:06 AM",Kudos,Activity,9912599424
"Sep 26, 2023, 11:05:57 PM",Kudos,Activity,9917639690
"Sep 26, 2023, 11:06:03 PM",Kudos,Activity,9917951575
"Sep 26, 2023, 11:06:06 PM",Kudos,Activity,9918148822
"Sep 26, 2023, 11:08:09 PM",Kudos,Activity,9917546926
"Sep 27, 2023, 2:33:45 AM",Kudos,Activity,9927775213
"Sep 27, 2023, 2:34:18 AM",Kudos,Activity,9927762232
"Sep 28, 2023, 3:04:38 AM",Kudos,Activity,9931064180
"Sep 28, 2023, 3:04:46 AM",Kudos,Activity,9930714507
"Sep 30, 2023, 11:41:36 PM",Kudos,Activity,9952204944
"Sep 30, 2023, 11:42:07 PM",Kudos,Activity,9952025773
"Oct 2, 2023, 12:48:32 AM",Kudos,Activity,9958252156
"Oct 6, 2023, 1:19:58 AM",Kudos,Activity,9981772151
"Oct 8, 2023, 3:53:29 AM",Kudos,Activity,9995190755
"Oct 8, 2023, 3:53:35 AM",Kudos,Activity,9996597708
"Oct 8, 2023, 3:53:48 AM",Kudos,Activity,9995970986
"Oct 8, 2023, 3:53:57 AM",Kudos,Activity,9995283682
"Oct 9, 2023, 2:23:54 AM",Kudos,Activity,10003760013
"Oct 9, 2023, 2:23:59 AM",Kudos,Activity,10003510792
"Oct 9, 2023, 2:24:12 AM",Kudos,Activity,10002387722
"Oct 14, 2023, 2:55:05 PM",Kudos,Activity,10033723823
"Oct 15, 2023, 10:51:02 PM",Kudos,Activity,10045572509
"Oct 15, 2023, 10:51:08 PM",Kudos,Activity,10044987465
"Oct 15, 2023, 10:51:27 PM",Kudos,Activity,10044216255
"Oct 18, 2023, 1:33:35 AM",Kudos,Activity,10046537986
"Oct 23, 2023, 8:22:44 PM",Kudos,Activity,10079896146
"Oct 23, 2023, 8:23:08 PM",Kudos,Activity,10079691049
"Oct 24, 2023, 1:59:20 PM",Kudos,Activity,10093821316
"Oct 25, 2023, 10:16:45 PM",Kudos,Activity,10099413603
"Oct 25, 2023, 10:16:47 PM",Kudos,Activity,10103012137
"Oct 26, 2023, 9:12:32 PM",Kudos,Activity,10105492395
"Oct 26, 2023, 9:12:43 PM",Kudos,Activity,10105156837
"Nov 1, 2023, 10:11:01 PM",Kudos,Activity,10139142004
"Nov 4, 2023, 2:46:46 PM",Kudos,Activity,10155783051
"Nov 5, 2023, 1:53:02 PM",Kudos,Activity,10161108831
"Nov 5, 2023, 1:53:14 PM",Kudos,Activity,10161377923
"Nov 6, 2023, 10:02:35 PM",Kudos,Activity,10166690498
"Nov 6, 2023, 10:03:23 PM",Kudos,Activity,10165476696
"Nov 6, 2023, 10:04:17 PM",Kudos,Activity,10171132746
"Nov 10, 2023, 3:15:22 AM",Kudos,Activity,10191406573
"Nov 11, 2023, 3:01:34 PM",Kudos,Activity,10199676277
"Nov 12, 2023, 4:17:04 PM",Kudos,Activity,10206157108
"Nov 13, 2023, 3:02:21 AM",Kudos,Activity,10208654213
"Nov 13, 2023, 3:02:33 AM",Kudos,Activity,10207595920
"Nov 13, 2023, 3:02:54 AM",Kudos,Activity,10202554089
"Nov 13, 2023, 3:03:29 AM",Kudos,Activity,10201128845
"Nov 13, 2023, 3:03:34 AM",Kudos,Activity,10202672834
"Nov 13, 2023, 3:03:39 AM",Kudos,Activity,10200995027
"Nov 14, 2023, 10:04:22 PM",Kudos,Activity,10215815536
"Nov 16, 2023, 3:04:08 AM",Kudos,Activity,10226041494
"Nov 16, 2023, 3:04:46 AM",Kudos,Activity,10226299249
"Nov 16, 2023, 1:24:22 PM",Kudos,Activity,10227205728
"Nov 16, 2023, 1:24:39 PM",Kudos,Activity,10228279875
"Nov 16, 2023, 10:12:25 PM",Kudos,Activity,10228560947
"Nov 21, 2023, 3:13:29 AM",Kudos,Activity,10240134194
"Nov 21, 2023, 3:13:44 AM",Kudos,Activity,10245996091
"Nov 21, 2023, 3:13:56 AM",Kudos,Activity,10252175606
"Nov 21, 2023, 3:14:00 AM",Kudos,Activity,10242906893
"Nov 21, 2023, 10:12:47 PM",Kudos,Activity,10255369987
"Nov 22, 2023, 2:51:24 PM",Kudos,Activity,10258638246
"Nov 24, 2023, 2:28:36 AM",Kudos,Activity,10268568546
"Nov 24, 2023, 8:41:46 PM",Kudos,Activity,10274707274
"Nov 24, 2023, 8:42:57 PM",Kudos,Activity,10269457623
"Nov 24, 2023, 8:43:09 PM",Kudos,Activity,10269786913
"Nov 26, 2023, 4:21:48 AM",Kudos,Activity,10280342003
"Nov 26, 2023, 4:21:55 AM",Kudos,Activity,10281927783
"Nov 26, 2023, 4:21:59 AM",Kudos,Activity,10280867355
"Nov 26, 2023, 4:22:30 AM",Kudos,Activity,10276421927
"Nov 27, 2023, 10:14:33 PM",Kudos,Activity,10290401224
"Nov 30, 2023, 12:14:28 AM",Kudos,Activity,10298204354
"Nov 30, 2023, 2:39:24 AM",Kudos,Activity,10304124111
"Nov 30, 2023, 2:39:45 AM",Kudos,Activity,10304126380
"Nov 30, 2023, 8:17:42 PM",Kudos,Activity,10306717376
"Nov 30, 2023, 8:17:48 PM",Kudos,Activity,10307910999
"Dec 3, 2023, 5:26:39 AM",Kudos,Activity,10318939007
"Dec 3, 2023, 5:26:44 AM",Kudos,Activity,10317845066
"Dec 4, 2023, 11:30:41 PM",Kudos,Activity,10327445411
"Dec 4, 2023, 11:30:50 PM",Kudos,Activity,10328599496
"Dec 5, 2023, 6:15:11 PM",Kudos,Activity,10329541225
"Dec 8, 2023, 3:58:01 PM",Kudos,Activity,10345889899
"Dec 10, 2023, 12:12:26 AM",Kudos,Activity,10354711157
"Dec 10, 2023, 4:45:29 PM",Kudos,Activity,10359396588
"Dec 10, 2023, 7:38:57 PM",Kudos,Activity,10360106398
"Dec 11, 2023, 2:49:21 AM",Kudos,Activity,10361471498
"Dec 12, 2023, 1:46:04 PM",Kudos,Activity,10366048051
"Dec 13, 2023, 3:42:23 AM",Kudos,Activity,10369593399
"Dec 13, 2023, 10:34:06 PM",Kudos,Activity,10374740862
"Dec 14, 2023, 4:13:33 AM",Kudos,Activity,10377150920
"Dec 14, 2023, 4:13:36 AM",Kudos,Activity,10376364864
"Dec 14, 2023, 4:13:49 AM",Kudos,Activity,10374124496
"Dec 14, 2023, 4:14:17 AM",Kudos,Activity,10375049865
"Dec 14, 2023, 10:26:13 PM",Kudos,Activity,10379259961
"Dec 15, 2023, 10:00:57 PM",Kudos,Activity,10384347282
"Dec 16, 2023, 3:37:48 PM",Kudos,Activity,10386362325
"Dec 17, 2023, 9:33:58 PM",Kudos,Activity,10389940011
"Dec 17, 2023, 9:34:07 PM",Kudos,Activity,10396357029
"Dec 17, 2023, 9:34:16 PM",Kudos,Activity,10390303192
"Dec 17, 2023, 9:34:22 PM",Kudos,Activity,10389809252
"Dec 18, 2023, 1:26:52 AM",Kudos,Activity,10397611749
"Dec 19, 2023, 5:43:01 AM",Kudos,Activity,10399839186
"Dec 20, 2023, 6:32:33 PM",Kudos,Activity,10410871396
"Dec 20, 2023, 6:33:18 PM",Kudos,Activity,10404914495
"Dec 21, 2023, 5:33:21 AM",Kudos,Activity,10412667243
"Dec 21, 2023, 3:47:47 PM",Kudos,Activity,10415119483
"Dec 21, 2023, 3:47:51 PM",Kudos,Activity,10414591037
"Dec 22, 2023, 5:01:39 AM",Kudos,Activity,10417367820
"Dec 22, 2023, 5:01:52 AM",Kudos,Activity,10417598162
"Dec 22, 2023, 5:02:21 AM",Kudos,Activity,10416253567
"Dec 22, 2023, 5:02:30 AM",Kudos,Activity,10416287905
"Dec 22, 2023, 2:33:15 PM",Kudos,Activity,10419443607
"Dec 22, 2023, 2:34:03 PM",Kudos,Activity,10419937368
"Dec 23, 2023, 2:11:32 AM",Kudos,Activity,10421799358
"Dec 23, 2023, 2:12:44 AM",Kudos,Activity,10419972970
"Dec 23, 2023, 2:13:27 AM",Kudos,Activity,10421931407
"Dec 23, 2023, 6:46:34 PM",Kudos,Activity,10425567914
"Dec 23, 2023, 6:46:43 PM",Kudos,Activity,10426111472
"Dec 23, 2023, 6:46:48 PM",Kudos,Activity,10426191760
"Dec 24, 2023, 6:51:39 PM",Kudos,Activity,10430112539
"Dec 24, 2023, 6:51:51 PM",Kudos,Activity,10430930564
"Dec 25, 2023, 1:45:16 AM",Kudos,Activity,10432082255
"Dec 26, 2023, 3:39:57 PM",Kudos,Activity,10436828601
"Dec 26, 2023, 3:40:05 PM",Kudos,Activity,10434460313
"Dec 26, 2023, 3:40:26 PM",Kudos,Activity,10439501531
"Dec 26, 2023, 6:06:33 PM",Kudos,Activity,10440095211
"Dec 26, 2023, 9:26:08 PM",Kudos,Activity,10435100796
"Dec 27, 2023, 5:35:29 AM",Kudos,Activity,10441578581
"Dec 28, 2023, 7:09:19 AM",Kudos,Activity,10445591772
"Dec 28, 2023, 7:09:34 AM",Kudos,Post,26949531
"Dec 28, 2023, 7:09:38 AM",Kudos,Activity,10445898749
"Dec 29, 2023, 4:10:42 PM",Kudos,Activity,10456848623
"Dec 29, 2023, 4:10:45 PM",Kudos,Activity,10451225671
"Dec 29, 2023, 4:10:49 PM",Kudos,Activity,10453949087
"Dec 29, 2023, 4:10:53 PM",Kudos,Activity,10454121310
"Dec 30, 2023, 5:46:14 PM",Kudos,Activity,10458470222
"Dec 30, 2023, 5:55:14 PM",Kudos,Activity,10457519099
"Dec 30, 2023, 5:55:22 PM",Kudos,Activity,10463471321
"Dec 30, 2023, 5:55:32 PM",Kudos,Activity,10458994884
"Dec 30, 2023, 5:55:40 PM",Kudos,Activity,10462659969
"Dec 31, 2023, 1:06:46 AM",Kudos,Activity,10464450881
"Dec 31, 2023, 1:06:50 AM",Kudos,Activity,10463859087
"Dec 31, 2023, 1:06:56 AM",Kudos,Activity,10465197005
"Jan 1, 2024, 5:11:39 PM",Kudos,Activity,10473962468
"Jan 1, 2024, 5:12:16 PM",Kudos,Activity,10474040276
"Jan 1, 2024, 5:12:28 PM",Kudos,Activity,10470203674
"Jan 1, 2024, 5:12:29 PM",Kudos,Activity,10469922645
"Jan 1, 2024, 5:12:40 PM",Kudos,Activity,10474605734
"Jan 1, 2024, 11:03:11 PM",Kudos,Activity,10474939784
"Jan 1, 2024, 11:03:18 PM",Kudos,Activity,10475360222
"Jan 1, 2024, 11:03:56 PM",Kudos,Activity,10470088452
"Jan 3, 2024, 4:54:30 AM",Kudos,Activity,10482735723
"Jan 4, 2024, 12:59:47 AM",Kudos,Activity,10489384608
"Jan 4, 2024, 12:59:50 AM",Kudos,Activity,10489384583
"Jan 4, 2024, 1:00:13 AM",Kudos,Activity,10486602831
"Jan 4, 2024, 10:52:50 PM",Kudos,Activity,10493031520
"Jan 4, 2024, 10:52:53 PM",Kudos,Activity,10489626000
"Jan 5, 2024, 10:11:52 PM",Kudos,Activity,10499493845
"Jan 5, 2024, 10:11:54 PM",Kudos,Activity,10499595383
"Jan 5, 2024, 10:12:05 PM",Kudos,Activity,10498062385
"Jan 5, 2024, 10:12:33 PM",Kudos,Activity,10496353857
"Jan 6, 2024, 5:35:43 PM",Kudos,Activity,10505560657
"Jan 6, 2024, 9:42:24 PM",Kudos,Activity,10506816487
"Jan 6, 2024, 9:42:25 PM",Kudos,Activity,10507668482
"Jan 6, 2024, 9:42:30 PM",Kudos,Activity,10506619589
"Jan 12, 2024, 11:49:57 PM",Kudos,Post,27253250
"Jan 12, 2024, 11:51:07 PM",Kudos,Activity,10543029145
"Jan 18, 2024, 4:49:33 PM",Kudos,Activity,10579681989
"Jan 18, 2024, 4:49:39 PM",Kudos,Activity,10573772236
"Jan 18, 2024, 4:49:48 PM",Kudos,Activity,10572567588
"Jan 23, 2024, 4:25:52 AM",Kudos,Activity,10596048848
"Jan 23, 2024, 4:26:15 AM",Kudos,Activity,10597245335
"Jan 23, 2024, 4:26:53 AM",Kudos,Activity,10599905298
"Jan 26, 2024, 3:35:57 PM",Kudos,Activity,10629168351
"Jan 26, 2024, 3:36:07 PM",Kudos,Activity,10630781493
"Jan 26, 2024, 3:36:47 PM",Kudos,Activity,10623101239
"Jan 27, 2024, 5:57:18 PM",Kudos,Activity,10641684996
"Jan 27, 2024, 5:57:36 PM",Kudos,Activity,10636150843
"Jan 27, 2024, 5:57:45 PM",Kudos,Activity,10639811283
"Jan 27, 2024, 5:57:54 PM",Kudos,Activity,10640037160
"Jan 27, 2024, 5:58:16 PM",Kudos,Activity,10635084379
"Jan 29, 2024, 1:31:46 PM",Kudos,Activity,10641756407
"Jan 31, 2024, 2:05:18 PM",Kudos,Activity,10656242387
"Jan 31, 2024, 2:05:22 PM",Kudos,Activity,10656836906
"Jan 31, 2024, 2:05:35 PM",Kudos,Activity,10657173229
"Jan 31, 2024, 2:05:52 PM",Kudos,Activity,10648554609
"Jan 31, 2024, 2:06:27 PM",Kudos,Activity,10653760316
"Jan 31, 2024, 2:06:51 PM",Kudos,Post,27552143
"Jan 31, 2024, 10:26:08 PM",Kudos,Activity,10668203141
"Jan 31, 2024, 10:26:14 PM",Kudos,Activity,10670435867
"Feb 3, 2024, 7:50:37 PM",Kudos,Activity,10689274020
"Feb 3, 2024, 7:50:43 PM",Kudos,Activity,10689277264
"Feb 8, 2024, 1:04:14 AM",Kudos,Activity,10695139271
"Feb 8, 2024, 1:04:20 AM",Kudos,Activity,10702427752
"Feb 10, 2024, 4:22:00 PM",Kudos,Activity,10734789563
"Feb 10, 2024, 11:19:20 PM",Kudos,Activity,10735009677
"Feb 10, 2024, 11:19:33 PM",Kudos,Activity,10735900653
"Feb 10, 2024, 11:19:37 PM",Kudos,Activity,10735973445
"Feb 10, 2024, 11:19:38 PM",Kudos,Activity,10736383379
"Feb 11, 2024, 1:49:58 PM",Kudos,Activity,10737291187
"Feb 12, 2024, 3:09:29 PM",Kudos,Activity,10746912087
"Feb 12, 2024, 3:10:03 PM",Kudos,Activity,10742246295
"Feb 12, 2024, 3:10:15 PM",Kudos,Activity,10740950249
"Feb 13, 2024, 10:27:35 PM",Kudos,Activity,10750506832
"Feb 13, 2024, 10:27:51 PM",Kudos,Activity,10756364770
"Feb 13, 2024, 10:28:10 PM",Kudos,Activity,10747456938
"Feb 13, 2024, 10:28:28 PM",Kudos,Activity,10749007301
"Feb 13, 2024, 10:28:48 PM",Kudos,Activity,10753939566
"Feb 16, 2024, 4:06:15 AM",Kudos,Activity,10757387420
"Feb 18, 2024, 5:20:56 PM",Kudos,Activity,10788652071
"Feb 18, 2024, 5:20:58 PM",Kudos,Activity,10788846963
"Feb 18, 2024, 5:21:07 PM",Kudos,Activity,10782204729
"Feb 18, 2024, 8:50:11 PM",Kudos,Activity,10789183521
"Feb 19, 2024, 12:27:32 PM",Kudos,Activity,10790496375
"Feb 19, 2024, 12:27:50 PM",Kudos,Activity,10791303996
"Feb 20, 2024, 8:47:16 PM",Kudos,Activity,10802922393
"Feb 20, 2024, 8:47:20 PM",Kudos,Activity,10803131279
"Feb 20, 2024, 8:47:34 PM",Kudos,Activity,10801117036
"Feb 20, 2024, 8:47:44 PM",Kudos,Activity,10797236669
"Feb 20, 2024, 8:48:08 PM",Kudos,Post,27988756
"Feb 23, 2024, 2:21:35 AM",Kudos,Activity,10817485231
"Feb 23, 2024, 2:21:46 AM",Kudos,Activity,10808490687
"Feb 23, 2024, 2:21:55 AM",Kudos,Activity,10811620093
"Feb 25, 2024, 5:49:39 PM",Kudos,Activity,10835304866
"Feb 25, 2024, 5:49:50 PM",Kudos,Activity,10828272660
"Feb 25, 2024, 5:49:54 PM",Kudos,Activity,10835632217
"Feb 25, 2024, 5:50:03 PM",Kudos,Activity,10829662785
"Feb 25, 2024, 5:50:16 PM",Kudos,Activity,10829006047
"Feb 25, 2024, 5:52:17 PM",Kudos,Activity,10822806915
"Feb 26, 2024, 5:51:11 PM",Kudos,Activity,10836698666
"Feb 26, 2024, 5:51:26 PM",Kudos,Activity,10837031775
"Mar 2, 2024, 8:06:51 PM",Kudos,Activity,10876320540
"Mar 2, 2024, 8:07:06 PM",Kudos,Activity,10876266311
"Mar 3, 2024, 5:29:19 PM",Kudos,Activity,10882306590
"Mar 4, 2024, 8:34:59 PM",Kudos,Activity,10890351747
"Mar 4, 2024, 8:36:14 PM",Kudos,Activity,10883705270
"Mar 5, 2024, 8:14:07 PM",Kudos,Activity,10897300612
"Mar 8, 2024, 3:51:56 PM",Kudos,Activity,10916551204
"Mar 8, 2024, 3:52:42 PM",Kudos,Post,28293998
"Mar 8, 2024, 3:52:46 PM",Kudos,Activity,10914034598
"Mar 8, 2024, 3:52:53 PM",Kudos,Activity,10915709599
"Mar 11, 2024, 2:23:06 AM",Kudos,Activity,10931915910
"Mar 11, 2024, 2:23:09 AM",Kudos,Activity,10932958805
"Mar 11, 2024, 2:23:17 AM",Kudos,Activity,10930915005
"Mar 13, 2024, 2:58:13 AM",Kudos,Activity,10947142193
"Mar 14, 2024, 1:50:20 AM",Kudos,Activity,10954609422
"Mar 14, 2024, 1:50:46 AM",Kudos,Activity,10951410752
"Mar 14, 2024, 1:51:47 AM",Kudos,Activity,10947945115
"Mar 14, 2024, 1:51:54 AM",Kudos,Activity,10951731956
"Mar 17, 2024, 11:37:39 PM",Kudos,Activity,10981236844
"Mar 17, 2024, 11:37:41 PM",Kudos,Activity,10982121750
"Mar 17, 2024, 11:37:45 PM",Kudos,Activity,10982860136
"Mar 17, 2024, 11:37:49 PM",Kudos,Activity,10982416080
"Mar 17, 2024, 11:37:53 PM",Kudos,Activity,10979871034
"Mar 18, 2024, 11:37:07 AM",Kudos,Activity,10982600329
"Mar 19, 2024, 1:45:29 AM",Kudos,Activity,10989048136
"Mar 19, 2024, 9:29:04 PM",Kudos,Activity,10995743866
"Mar 19, 2024, 9:29:32 PM",Kudos,Activity,10989608466
"Mar 19, 2024, 9:30:00 PM",Kudos,Activity,10989941156
"Mar 20, 2024, 12:55:37 AM",Kudos,Activity,10997266787
"Mar 20, 2024, 10:16:26 AM",Kudos,Activity,10997619228
"Mar 22, 2024, 12:22:28 AM",Kudos,Activity,11011489349
"Mar 22, 2024, 12:22:33 AM",Kudos,Activity,11004565863
"Mar 22, 2024, 12:22:38 AM",Kudos,Activity,11007420340
"Mar 22, 2024, 12:22:40 AM",Kudos,Activity,11005185659
"Mar 22, 2024, 12:22:44 AM",Kudos,Activity,11003716450
"Mar 22, 2024, 12:23:10 AM",Kudos,Activity,11009333031
"Mar 22, 2024, 11:11:29 AM",Kudos,Activity,11012031125
"Mar 22, 2024, 11:11:31 AM",Kudos,Activity,11012016838
"Mar 22, 2024, 2:36:06 PM",Kudos,Activity,11013720890
"Mar 25, 2024, 1:24:03 AM",Kudos,Activity,11031101981
"Mar 25, 2024, 1:24:04 AM",Kudos,Activity,11029598357
"Mar 25, 2024, 1:24:20 AM",Kudos,Activity,11030166935
"Mar 25, 2024, 1:24:34 AM",Kudos,Activity,11030548317
"Mar 25, 2024, 1:24:36 AM",Kudos,Activity,11022642679
"Mar 25, 2024, 1:24:46 AM",Kudos,Activity,11017659137
"Mar 26, 2024, 2:53:07 PM",Kudos,Activity,11034415733
"Mar 28, 2024, 1:15:20 PM",Kudos,Activity,11054737059
"Mar 31, 2024, 1:32:40 AM",Kudos,Activity,11073110176
"Mar 31, 2024, 1:32:47 AM",Kudos,Activity,11069572793
"Mar 31, 2024, 1:32:48 AM",Kudos,Activity,11069628837
"Mar 31, 2024, 1:32:51 AM",Kudos,Activity,11070247253
"Mar 31, 2024, 2:52:46 AM",Kudos,Activity,10982987206
"Mar 31, 2024, 2:52:50 AM",Kudos,Activity,11058850112
"Apr 1, 2024, 1:37:12 PM",Kudos,Activity,11083121224
"Apr 1, 2024, 11:54:06 PM",Kudos,Activity,11085764577
"Apr 2, 2024, 12:47:03 PM",Kudos,Activity,11087864285
"Apr 2, 2024, 12:47:05 PM",Kudos,Activity,11087212534
"Apr 2, 2024, 12:47:15 PM",Kudos,Activity,11087671546
"Apr 3, 2024, 1:52:42 AM",Kudos,Activity,11094902067
"Apr 3, 2024, 1:53:23 AM",Kudos,Post,28797969
"Apr 3, 2024, 1:53:27 AM",Kudos,Activity,11093216961
"Apr 3, 2024, 1:53:44 AM",Kudos,Activity,11094930401
"Apr 3, 2024, 4:57:10 PM",Kudos,Activity,11094930126
"Apr 4, 2024, 12:25:38 PM",Kudos,Activity,11102383013
"Apr 4, 2024, 12:25:42 PM",Kudos,Activity,11102004729
"Apr 4, 2024, 12:25:51 PM",Kudos,Activity,11090004765
"Apr 5, 2024, 9:52:37 PM",Kudos,Activity,11114086978
"Apr 5, 2024, 9:52:40 PM",Kudos,Activity,11105365625
"Apr 5, 2024, 9:52:42 PM",Kudos,Activity,11109208805
"Apr 5, 2024, 9:52:45 PM",Kudos,Activity,11111734306
"Apr 5, 2024, 9:52:48 PM",Kudos,Activity,11111245903
"Apr 5, 2024, 9:52:54 PM",Kudos,Activity,11105475997
"Apr 5, 2024, 9:52:59 PM",Kudos,Activity,11107755995
"Apr 5, 2024, 10:12:14 PM",Kudos,Activity,11114558509
"Apr 6, 2024, 12:37:47 PM",Kudos,Activity,11115687876
"Apr 6, 2024, 12:37:59 PM",Kudos,Activity,11115394978
"Apr 6, 2024, 7:09:13 PM",Kudos,Activity,11119106989
"Apr 6, 2024, 7:09:27 PM",Kudos,Activity,11120397253
"Apr 7, 2024, 3:31:11 AM",Kudos,Activity,11123351545
"Apr 7, 2024, 3:31:14 AM",Kudos,Activity,11123290201
"Apr 7, 2024, 12:17:42 PM",Kudos,Activity,11123614156
"Apr 7, 2024, 9:00:40 PM",Kudos,Activity,11129331560
"Apr 8, 2024, 12:15:05 AM",Kudos,Activity,11128353677
"Apr 8, 2024, 12:44:30 PM",Kudos,Activity,11133720526
"Apr 8, 2024, 4:42:05 PM",Kudos,Activity,11134227998
"Apr 8, 2024, 4:42:24 PM",Kudos,Activity,11134425902
"Apr 9, 2024, 12:45:20 AM",Kudos,Activity,11137839686
"Apr 9, 2024, 3:37:59 PM",Kudos,Activity,11142239428
"Apr 10, 2024, 12:20:59 AM",Kudos,Activity,11145914818
"Apr 10, 2024, 12:21:09 AM",Kudos,Activity,11145725726
"Apr 10, 2024, 12:21:33 AM",Kudos,Activity,11145457667
"Apr 10, 2024, 12:21:59 AM",Kudos,Activity,11144944407
"Apr 10, 2024, 12:36:37 PM",Kudos,Activity,11148764725
"Apr 10, 2024, 12:36:44 PM",Kudos,Activity,11148667330
"Apr 10, 2024, 12:37:43 PM",Kudos,Activity,11146261024
"Apr 10, 2024, 12:39:42 PM",Kudos,Activity,11145877441
"Apr 10, 2024, 5:32:43 PM",Kudos,Activity,11149943255
"Apr 10, 2024, 5:33:31 PM",Kudos,Activity,11151123570
"Apr 10, 2024, 5:37:05 PM",Kudos,Activity,11141317129
"Apr 10, 2024, 11:19:22 PM",Kudos,Activity,11152239689
"Apr 11, 2024, 9:20:32 PM",Kudos,Activity,11156260089
"Apr 11, 2024, 9:20:44 PM",Kudos,Activity,11153652331
"Apr 11, 2024, 9:20:51 PM",Kudos,Activity,11153998726
"Apr 11, 2024, 9:21:13 PM",Kudos,Activity,11157453298
"Apr 11, 2024, 9:21:16 PM",Kudos,Activity,11160173336
"Apr 11, 2024, 9:21:19 PM",Kudos,Activity,11153502605
"Apr 11, 2024, 10:33:21 PM",Kudos,Activity,11160463061
"Apr 11, 2024, 10:33:23 PM",Kudos,Activity,11160527106
"Apr 11, 2024, 10:33:35 PM",Kudos,Activity,11160444227
"Apr 12, 2024, 1:03:27 PM",Kudos,Activity,11161599545
"Apr 12, 2024, 1:03:40 PM",Kudos,Activity,11163628906
"Apr 12, 2024, 1:03:59 PM",Kudos,Activity,11160719236
"Apr 12, 2024, 1:04:07 PM",Kudos,Activity,11161477449
"Apr 12, 2024, 5:32:54 PM",Kudos,Activity,11165722078
"Apr 13, 2024, 2:18:44 AM",Kudos,Activity,11167738599
"Apr 13, 2024, 2:18:50 AM",Kudos,Activity,11166961790
"Apr 13, 2024, 2:18:58 AM",Kudos,Activity,11167976670
"Apr 13, 2024, 2:19:02 AM",Kudos,Activity,11165973008
"Apr 13, 2024, 2:19:17 AM",Kudos,Activity,11166771128
"Apr 13, 2024, 3:58:09 PM",Kudos,Activity,11173238840
"Apr 13, 2024, 10:18:25 PM",Kudos,Activity,11175058330
"Apr 13, 2024, 10:18:27 PM",Kudos,Activity,11175502896
"Apr 13, 2024, 10:18:39 PM",Kudos,Activity,11174378442
"Apr 13, 2024, 10:18:42 PM",Kudos,Activity,11174771149
"Apr 13, 2024, 10:19:08 PM",Kudos,Activity,11173299579
"Apr 13, 2024, 10:19:31 PM",Kudos,Activity,11171567636
"Apr 13, 2024, 10:19:33 PM",Kudos,Activity,11172071652
"Apr 14, 2024, 1:54:38 PM",Kudos,Activity,11180417108
"Apr 14, 2024, 1:55:44 PM",Kudos,Activity,11179938269
"Apr 14, 2024, 3:59:10 PM",Kudos,Activity,11181718606
"Apr 14, 2024, 3:59:21 PM",Kudos,Activity,11181608166
"Apr 14, 2024, 3:59:39 PM",Kudos,Activity,11181552442
"Apr 15, 2024, 12:25:25 AM",Kudos,Activity,11183749243
"Apr 15, 2024, 12:26:58 AM",Kudos,Activity,11182545697
"Apr 15, 2024, 12:27:09 AM",Kudos,Activity,11183591598
"Apr 15, 2024, 12:27:10 AM",Kudos,Activity,11183601072
"Apr 15, 2024, 1:07:49 PM",Kudos,Activity,11186736373
"Apr 15, 2024, 1:08:25 PM",Kudos,Activity,11182261188
"Apr 15, 2024, 8:27:05 PM",Kudos,Activity,11188801344
"Apr 16, 2024, 7:00:00 PM",Kudos,Activity,11192168073
"Apr 16, 2024, 7:00:43 PM",Kudos,Activity,11194157681
"Apr 16, 2024, 9:51:43 PM",Kudos,Activity,11198219257
"Apr 16, 2024, 9:51:52 PM",Kudos,Activity,11197830047
"Apr 17, 2024, 2:20:57 PM",Kudos,Activity,11201240774
"Apr 17, 2024, 2:21:38 PM",Kudos,Activity,11199337090
"Apr 17, 2024, 2:21:40 PM",Kudos,Activity,11201529180
"Apr 17, 2024, 2:21:44 PM",Kudos,Activity,11199474708
"Apr 17, 2024, 2:21:58 PM",Kudos,Activity,11199766610
"Apr 17, 2024, 2:22:33 PM",Kudos,Activity,11198527734
"Apr 17, 2024, 2:22:55 PM",Kudos,Activity,11200803061
"Apr 17, 2024, 11:53:31 PM",Kudos,Activity,11206251478
"Apr 17, 2024, 11:53:36 PM",Kudos,Activity,11205647452
"Apr 19, 2024, 5:25:35 PM",Kudos,Activity,11215971511
"Apr 19, 2024, 5:25:37 PM",Kudos,Activity,11215840281
"Apr 19, 2024, 5:25:39 PM",Kudos,Activity,11213038796
"Apr 19, 2024, 5:25:48 PM",Kudos,Activity,11214283847
"Apr 19, 2024, 5:25:50 PM",Kudos,Activity,11209214397
"Apr 19, 2024, 5:26:02 PM",Kudos,Activity,11206455393
"Apr 20, 2024, 6:46:10 AM",Kudos,Activity,11219380386
"Apr 20, 2024, 6:46:22 AM",Kudos,Activity,11219604651
"Apr 20, 2024, 10:29:45 AM",Kudos,Activity,11222476790
"Apr 20, 2024, 10:29:48 AM",Kudos,Activity,11222476777
"Apr 20, 2024, 10:29:59 AM",Kudos,Activity,11222179312
"Apr 20, 2024, 10:30:05 AM",Kudos,Activity,11222412680
"Apr 20, 2024, 10:40:03 PM",Kudos,Activity,11226644280
"Apr 20, 2024, 10:40:24 PM",Kudos,Activity,11224369837
"Apr 20, 2024, 10:42:38 PM",Kudos,Activity,11225547437
"Apr 20, 2024, 10:42:43 PM",Kudos,Activity,11226335116
"Apr 20, 2024, 10:42:48 PM",Kudos,Activity,11225613742
"Apr 20, 2024, 10:42:51 PM",Kudos,Activity,11224234226
"Apr 20, 2024, 10:43:12 PM",Kudos,Activity,11225773665
"Apr 22, 2024, 6:32:20 AM",Kudos,Activity,11234141244
"Apr 22, 2024, 6:32:26 AM",Kudos,Activity,11227877177
"Apr 22, 2024, 6:32:45 AM",Kudos,Activity,11233622030
"Apr 22, 2024, 6:32:51 AM",Kudos,Activity,11232676108
"Apr 22, 2024, 6:33:45 AM",Kudos,Activity,11233890275
"Apr 22, 2024, 6:34:16 AM",Kudos,Activity,11235020713
"Apr 22, 2024, 6:34:17 AM",Kudos,Activity,11235036085
"Apr 22, 2024, 6:34:42 AM",Kudos,Activity,11231735009
"Apr 22, 2024, 6:34:48 AM",Kudos,Activity,11226650510
"Apr 22, 2024, 6:20:29 PM",Kudos,Activity,11237589178
"Apr 23, 2024, 8:42:26 AM",Kudos,Activity,11242900921
"Apr 23, 2024, 8:42:36 AM",Kudos,Activity,11242221975
"Apr 23, 2024, 8:42:40 AM",Kudos,Activity,11241464814
"Apr 23, 2024, 8:42:49 AM",Kudos,Activity,11242253800
"Apr 23, 2024, 12:39:38 PM",Kudos,Activity,11244976875
"Apr 23, 2024, 12:39:44 PM",Kudos,Activity,11245032331
"Apr 23, 2024, 12:40:02 PM",Kudos,Activity,11244978454
"Apr 25, 2024, 10:30:45 PM",Kudos,Activity,11260224247
"Apr 25, 2024, 10:30:47 PM",Kudos,Activity,11260217696
"Apr 25, 2024, 10:30:51 PM",Kudos,Activity,11257210762
"Apr 25, 2024, 10:30:54 PM",Kudos,Activity,11252769393
"Apr 25, 2024, 10:31:01 PM",Kudos,Activity,11258188386
"Apr 25, 2024, 10:31:12 PM",Kudos,Activity,11260853725
"Apr 25, 2024, 10:31:24 PM",Kudos,Activity,11252867854
"Apr 26, 2024, 7:10:12 PM",Kudos,Activity,11268142106
"Apr 26, 2024, 7:10:16 PM",Kudos,Activity,11269517448
"Apr 26, 2024, 10:39:37 PM",Kudos,Activity,11271136598
"Apr 27, 2024, 3:34:44 PM",Kudos,Activity,11276147968
"Apr 27, 2024, 3:35:08 PM",Kudos,Activity,11274696927
"Apr 27, 2024, 3:35:14 PM",Kudos,Activity,11271537734
"Apr 29, 2024, 3:10:28 AM",Kudos,Activity,11287666461
"Apr 29, 2024, 3:10:31 AM",Kudos,Activity,11287303276
"Apr 29, 2024, 3:10:35 AM",Kudos,Activity,11285841858
"Apr 29, 2024, 3:11:16 AM",Kudos,Activity,11286789939
"Apr 29, 2024, 3:11:26 AM",Kudos,Activity,11284319719
"Apr 29, 2024, 3:11:33 AM",Kudos,Activity,11284882549
"Apr 29, 2024, 4:34:59 PM",Kudos,Activity,11289725120
"Apr 29, 2024, 4:35:08 PM",Kudos,Activity,11290194525
"Apr 30, 2024, 12:52:36 AM",Kudos,Activity,11294377065
"Apr 30, 2024, 12:52:40 AM",Kudos,Activity,11294406012
"Apr 30, 2024, 4:33:01 PM",Kudos,Activity,11295454978
"Apr 30, 2024, 4:33:22 PM",Kudos,Activity,11297434649
"May 2, 2024, 5:20:14 PM",Kudos,Activity,11314413273
"May 2, 2024, 5:20:23 PM",Kudos,Activity,11314341315
"May 2, 2024, 5:20:38 PM",Kudos,Activity,11310903288
"May 2, 2024, 5:20:44 PM",Kudos,Activity,11311883956
"May 2, 2024, 5:20:49 PM",Kudos,Activity,11315030071
"May 2, 2024, 5:20:54 PM",Kudos,Activity,11312411471
"May 2, 2024, 5:21:25 PM",Kudos,Activity,11306049171
"May 3, 2024, 2:29:10 AM",Kudos,Activity,11319519032
"May 3, 2024, 2:29:18 AM",Kudos,Activity,11310651565
"May 3, 2024, 6:14:07 PM",Kudos,Activity,11323806761
"May 4, 2024, 3:54:51 AM",Kudos,Activity,11325687252
"May 5, 2024, 7:14:02 AM",Kudos,Activity,11332886463
"May 5, 2024, 7:14:04 AM",Kudos,Activity,11332886452
"May 5, 2024, 7:14:15 AM",Kudos,Activity,11333986307
"May 5, 2024, 7:15:33 AM",Kudos,Activity,11331791067
"May 5, 2024, 7:15:42 AM",Kudos,Activity,11330042809
"May 5, 2024, 2:08:22 PM",Kudos,Activity,11337906434
"May 6, 2024, 11:32:51 PM",Kudos,Activity,11344549392
"May 6, 2024, 11:32:53 PM",Kudos,Activity,11346052884
"May 6, 2024, 11:32:58 PM",Kudos,Activity,11339389432
"May 6, 2024, 11:33:10 PM",Kudos,Activity,11324591883
"May 6, 2024, 11:33:23 PM",Kudos,Activity,11319517218
"May 7, 2024, 3:46:33 AM",Kudos,Activity,11349308813
"May 7, 2024, 7:51:32 PM",Kudos,Activity,11351966617
"May 8, 2024, 7:49:18 PM",Kudos,Activity,11359814145
"May 8, 2024, 7:49:23 PM",Kudos,Activity,11356727853
"May 8, 2024, 7:49:27 PM",Kudos,Activity,11357967529
"May 8, 2024, 7:49:38 PM",Kudos,Activity,11360916298
"May 8, 2024, 7:50:38 PM",Kudos,Activity,11361384379
"May 12, 2024, 12:29:18 AM",Kudos,Activity,11385638319
"May 12, 2024, 12:29:25 AM",Kudos,Activity,11385618936
"May 12, 2024, 12:29:29 AM",Kudos,Activity,11388523264
"May 12, 2024, 12:29:41 AM",Kudos,Activity,11376075886
"May 12, 2024, 12:29:44 AM",Kudos,Activity,11374236607
"May 12, 2024, 12:30:11 AM",Kudos,Activity,11378365587
"May 12, 2024, 12:30:27 AM",Kudos,Activity,11377856538
"May 12, 2024, 12:31:25 AM",Kudos,Activity,11387367404
"May 12, 2024, 4:08:24 PM",Kudos,Activity,11394379279
"May 12, 2024, 6:47:09 PM",Kudos,Activity,11393779646
"May 12, 2024, 6:47:43 PM",Kudos,Activity,11394303271
"May 12, 2024, 6:47:51 PM",Kudos,Activity,11389864389
"May 13, 2024, 2:15:51 PM",Kudos,Activity,11397697136
"May 13, 2024, 2:15:55 PM",Kudos,Activity,11396398257
"May 13, 2024, 2:16:01 PM",Kudos,Activity,11397235118
"May 13, 2024, 2:16:06 PM",Kudos,Activity,11400304719
"May 13, 2024, 2:16:18 PM",Kudos,Activity,11400570812
"May 14, 2024, 2:14:35 PM",Kudos,Activity,11407466579
"May 14, 2024, 2:14:48 PM",Kudos,Activity,11407149540
"May 14, 2024, 2:14:56 PM",Kudos,Activity,11404719143
"May 14, 2024, 4:45:01 PM",Kudos,Activity,11408826897
"May 14, 2024, 6:35:53 PM",Kudos,Activity,11386809382
"May 15, 2024, 2:25:23 PM",Kudos,Activity,11416294315
"May 15, 2024, 2:25:33 PM",Kudos,Activity,11415173396
"May 15, 2024, 2:25:42 PM",Kudos,Activity,11412047274
"May 15, 2024, 2:25:52 PM",Kudos,Activity,11413139538
"May 15, 2024, 2:27:09 PM",Kudos,Activity,11413446060
"May 15, 2024, 2:27:12 PM",Kudos,Activity,11415606554
"May 15, 2024, 2:27:15 PM",Kudos,Activity,11416412290
"May 15, 2024, 2:27:19 PM",Kudos,Activity,11416294991
"May 15, 2024, 2:27:35 PM",Kudos,Activity,11413529087
"May 15, 2024, 2:27:46 PM",Kudos,Activity,11413362662
"May 16, 2024, 5:30:43 AM",Kudos,Activity,11420714975
"May 16, 2024, 8:05:11 PM",Kudos,Activity,11424769065
"May 16, 2024, 8:05:20 PM",Kudos,Activity,11424009828
"May 16, 2024, 8:05:38 PM",Kudos,Activity,11419710873
"May 17, 2024, 1:35:33 PM",Kudos,Activity,11427997451
"May 17, 2024, 1:35:44 PM",Kudos,Activity,11427314688
"May 17, 2024, 1:35:55 PM",Kudos,Activity,11427321844
"May 17, 2024, 1:36:08 PM",Kudos,Activity,11428836232
"May 17, 2024, 1:36:15 PM",Kudos,Activity,11431302940
"May 18, 2024, 1:54:07 AM",Kudos,Activity,11432409217
"May 18, 2024, 1:54:11 AM",Kudos,Activity,11432293933
"May 18, 2024, 1:54:16 AM",Kudos,Activity,11432409164
"May 18, 2024, 1:54:19 AM",Kudos,Activity,11432830287
"May 18, 2024, 1:54:22 AM",Kudos,Activity,11432825283
"May 18, 2024, 1:54:27 AM",Kudos,Activity,11433034985
"May 18, 2024, 1:54:55 AM",Kudos,Activity,11434678473
"May 18, 2024, 9:59:02 PM",Kudos,Activity,11440049319
"May 18, 2024, 9:59:15 PM",Kudos,Activity,11439697949
"May 18, 2024, 9:59:23 PM",Kudos,Activity,11440177444
"May 18, 2024, 9:59:32 PM",Kudos,Activity,11440318722
"May 18, 2024, 9:59:42 PM",Kudos,Activity,11441360598
"May 18, 2024, 9:59:50 PM",Kudos,Activity,11440868687
"May 19, 2024, 10:06:29 PM",Kudos,Activity,11450727754
"May 19, 2024, 10:06:54 PM",Kudos,Activity,11449610781
"May 19, 2024, 10:07:00 PM",Kudos,Activity,11447982752
"May 19, 2024, 10:07:06 PM",Kudos,Activity,11448447136
"May 19, 2024, 10:07:11 PM",Kudos,Activity,11450436358
"May 19, 2024, 10:07:34 PM",Kudos,Activity,11450466995
"May 19, 2024, 10:07:48 PM",Kudos,Activity,11443212322
"May 19, 2024, 10:09:33 PM",Kudos,Activity,11440655321
"May 20, 2024, 1:16:07 AM",Kudos,Activity,11451268786
"May 21, 2024, 4:34:44 PM",Kudos,Activity,11459587052
"May 21, 2024, 4:34:48 PM",Kudos,Activity,11462245700
"May 21, 2024, 4:34:57 PM",Kudos,Activity,11463260740
"May 21, 2024, 4:35:37 PM",Kudos,Activity,11456149123
"May 21, 2024, 10:15:07 PM",Kudos,Activity,11465752954
"May 21, 2024, 10:15:12 PM",Kudos,Activity,11465753888
"May 21, 2024, 10:15:17 PM",Kudos,Activity,11466133869
"May 21, 2024, 10:17:15 PM",Kudos,Activity,11465752295
"May 21, 2024, 10:17:29 PM",Kudos,Activity,11465752464
"May 21, 2024, 10:19:13 PM",Kudos,Activity,11465752597
"May 21, 2024, 10:19:19 PM",Kudos,Activity,11465753133
"May 21, 2024, 10:19:22 PM",Kudos,Activity,11465753309
"May 21, 2024, 10:19:24 PM",Kudos,Activity,11465753509
"May 21, 2024, 10:19:28 PM",Kudos,Activity,11397697199
"May 22, 2024, 2:58:58 PM",Kudos,Activity,11468224648
"May 22, 2024, 2:59:06 PM",Kudos,Activity,11469994817
"May 22, 2024, 2:59:14 PM",Kudos,Activity,11467766011
"May 22, 2024, 2:59:17 PM",Kudos,Activity,11467784212
"May 23, 2024, 12:32:50 PM",Kudos,Activity,11475455879
"May 23, 2024, 3:35:20 PM",Kudos,Activity,11478449670
"May 24, 2024, 10:40:28 AM",Kudos,Activity,11483476251
"May 24, 2024, 10:40:34 AM",Kudos,Activity,11482474359
"May 24, 2024, 10:40:59 AM",Kudos,Activity,11448421653
"May 26, 2024, 10:53:49 PM",Kudos,Activity,11501932494
"May 26, 2024, 10:54:07 PM",Kudos,Activity,11503794694
"May 26, 2024, 10:54:09 PM",Kudos,Activity,11497869717
"May 26, 2024, 10:54:11 PM",Kudos,Activity,11504136758
"May 26, 2024, 10:54:13 PM",Kudos,Activity,11494137459
"May 26, 2024, 10:54:25 PM",Kudos,Activity,11494593980
"May 28, 2024, 1:20:20 AM",Kudos,Activity,11510141747
"May 28, 2024, 1:20:23 AM",Kudos,Activity,11509879546
"May 28, 2024, 1:20:30 AM",Kudos,Activity,11509896376
"May 28, 2024, 1:20:32 AM",Kudos,Activity,11510139388
"May 28, 2024, 1:20:34 AM",Kudos,Activity,11509916766
"May 28, 2024, 1:20:43 AM",Kudos,Activity,11505951845
"May 28, 2024, 1:20:53 AM",Kudos,Activity,11509735622
"May 28, 2024, 1:20:57 AM",Kudos,Activity,11509860811
"May 28, 2024, 1:21:48 AM",Kudos,Activity,11512093357
"May 29, 2024, 4:01:54 AM",Kudos,Activity,11521591684
"May 29, 2024, 4:02:15 AM",Kudos,Activity,11489865945
"May 29, 2024, 10:56:31 PM",Kudos,Activity,11523560992
"May 29, 2024, 10:56:34 PM",Kudos,Activity,11524701985
"May 31, 2024, 9:31:12 PM",Kudos,Activity,11539205792
"Jun 7, 2024, 3:07:59 AM",Kudos,Activity,11592441008
"Jun 7, 2024, 3:08:04 AM",Kudos,Activity,11587767390
"Jun 7, 2024, 3:08:08 AM",Kudos,Activity,11581807502
"Jun 7, 2024, 3:08:15 AM",Kudos,Activity,11592619861
"Jun 7, 2024, 5:47:38 PM",Kudos,Activity,11597309306
"Jun 7, 2024, 5:47:43 PM",Kudos,Activity,11594674778
"Jun 7, 2024, 5:50:37 PM",Kudos,Activity,11597377676
"Jun 7, 2024, 5:50:45 PM",Kudos,Activity,11596842702
"Jun 7, 2024, 5:50:47 PM",Kudos,Activity,11595660676
"Jun 7, 2024, 5:50:50 PM",Kudos,Activity,11595247329
"Jun 7, 2024, 5:51:28 PM",Kudos,Activity,11587113662
"Jun 7, 2024, 5:51:30 PM",Kudos,Activity,11587659063
"Jun 7, 2024, 5:51:36 PM",Kudos,Activity,11591257724
"Jun 7, 2024, 5:51:41 PM",Kudos,Activity,11584560852
"Jun 8, 2024, 3:00:28 PM",Kudos,Activity,11599743202
"Jun 8, 2024, 3:00:37 PM",Kudos,Activity,11604067516
"Jun 8, 2024, 3:00:54 PM",Kudos,Activity,11603648045
"Jun 8, 2024, 3:01:15 PM",Kudos,Activity,11603951180
"Jun 9, 2024, 5:40:51 PM",Kudos,Activity,11612100113
"Jun 9, 2024, 5:42:06 PM",Kudos,Activity,11613564525
"Jun 9, 2024, 5:42:09 PM",Kudos,Activity,11606908802
"Jun 9, 2024, 5:43:20 PM",Kudos,Activity,11607783561
"Jun 9, 2024, 5:43:23 PM",Kudos,Activity,11612323606
"Jun 10, 2024, 3:12:32 AM",Kudos,Activity,11614674554
"Jun 10, 2024, 3:12:46 AM",Kudos,Activity,11614685246
"Jun 10, 2024, 12:11:28 PM",Kudos,Activity,11618134577
"Jun 11, 2024, 2:33:27 PM",Kudos,Activity,11625695683
"Jun 11, 2024, 2:33:29 PM",Kudos,Activity,11623720156
"Jun 12, 2024, 12:37:42 AM",Kudos,Activity,11627509637
"Jun 12, 2024, 12:37:47 AM",Kudos,Activity,11627349913
"Jun 12, 2024, 12:37:51 AM",Kudos,Activity,11628135906
"Jun 12, 2024, 12:37:55 AM",Kudos,Activity,11630831428
"Jun 12, 2024, 12:38:19 AM",Kudos,Activity,11627414114
"Jun 12, 2024, 12:38:22 AM",Kudos,Activity,11627033865
"Jun 12, 2024, 12:38:27 AM",Kudos,Activity,11630570731
"Jun 12, 2024, 12:39:06 AM",Kudos,Activity,11627835443
"Jun 12, 2024, 12:40:08 AM",Kudos,Activity,11622320350
"Jun 12, 2024, 12:40:18 AM",Kudos,Activity,11626681981
"Jun 12, 2024, 12:40:23 AM",Kudos,Activity,11625848913
"Jun 12, 2024, 12:41:23 AM",Kudos,Activity,11619241425
"Jun 12, 2024, 12:41:25 AM",Kudos,Activity,11626610124
"Jun 12, 2024, 12:41:30 AM",Kudos,Activity,11618952694
"Jun 12, 2024, 12:41:35 AM",Kudos,Activity,11623184742
"Jun 12, 2024, 4:03:47 PM",Kudos,Activity,11635623344
"Jun 12, 2024, 4:03:51 PM",Kudos,Activity,11634030646
"Jun 12, 2024, 4:04:05 PM",Kudos,Activity,11634705271
"Jun 12, 2024, 4:04:15 PM",Kudos,Activity,11634533296
"Jun 12, 2024, 4:04:26 PM",Kudos,Activity,11632103723
"Jun 12, 2024, 4:04:38 PM",Kudos,Activity,11633805839
"Jun 12, 2024, 4:04:51 PM",Kudos,Activity,11635091096
"Jun 12, 2024, 4:05:08 PM",Kudos,Activity,11631607115
"Jun 13, 2024, 3:29:30 AM",Kudos,Activity,11639347135
"Jun 13, 2024, 3:29:45 AM",Kudos,Activity,11636089142
"Jun 15, 2024, 3:17:48 PM",Kudos,Activity,11658823799
"Jun 15, 2024, 9:12:00 PM",Kudos,Activity,11659444431
"Jun 15, 2024, 9:12:12 PM",Kudos,Activity,11659381282
"Jun 15, 2024, 9:12:33 PM",Kudos,Activity,11659415132
"Jun 15, 2024, 9:12:46 PM",Kudos,Activity,11660805799
"Jun 16, 2024, 9:57:06 PM",Kudos,Activity,11666336678
"Jun 16, 2024, 9:57:10 PM",Kudos,Activity,11667307702
"Jun 16, 2024, 9:58:09 PM",Kudos,Activity,11668458207
"Jun 16, 2024, 9:58:33 PM",Kudos,Activity,11666221707
"Jun 17, 2024, 2:08:28 AM",Kudos,Activity,11669542767
"Jun 17, 2024, 2:08:30 AM",Kudos,Activity,11669730829
"Jun 17, 2024, 11:57:17 AM",Kudos,Activity,11672104144
"Jun 17, 2024, 1:25:26 PM",Kudos,Activity,11672560012
"Jun 18, 2024, 2:29:05 PM",Kudos,Activity,11680015608
"Jun 18, 2024, 3:06:05 PM",Kudos,Activity,11677426925
"Jun 18, 2024, 3:06:27 PM",Kudos,Activity,11681024985
"Jun 18, 2024, 3:06:41 PM",Kudos,Activity,11680899363
"Jun 18, 2024, 3:06:43 PM",Kudos,Activity,11676446750
"Jun 18, 2024, 3:07:21 PM",Kudos,Activity,11674550032
"Jun 18, 2024, 3:07:27 PM",Kudos,Activity,11676714415
"Jun 18, 2024, 3:07:57 PM",Kudos,Activity,11680461907
"Jun 18, 2024, 5:02:58 PM",Kudos,Activity,11682411806
"Jun 18, 2024, 5:03:33 PM",Kudos,Activity,11682075005
"Jun 18, 2024, 5:03:50 PM",Kudos,Activity,11681841274
"Jun 18, 2024, 10:27:10 PM",Kudos,Activity,11684485264
"Jun 20, 2024, 1:12:42 PM",Kudos,Activity,11696955954
"Jun 20, 2024, 1:13:25 PM",Kudos,Activity,11696812704
"Jun 20, 2024, 1:13:57 PM",Kudos,Activity,11696539405
"Jun 20, 2024, 1:14:28 PM",Kudos,Activity,11691257111
"Jun 20, 2024, 1:14:37 PM",Kudos,Activity,11688996312
"Jun 20, 2024, 1:14:39 PM",Kudos,Activity,11686099304
"Jun 20, 2024, 10:03:32 PM",Kudos,Activity,11697730403
"Jun 20, 2024, 10:03:37 PM",Kudos,Activity,11697935948
"Jun 20, 2024, 10:03:44 PM",Kudos,Activity,11698557262
"Jun 20, 2024, 10:03:47 PM",Kudos,Activity,11697842006
"Jun 20, 2024, 10:03:50 PM",Kudos,Activity,11697630481
"Jun 20, 2024, 10:03:54 PM",Kudos,Activity,11698172156
"Jun 20, 2024, 10:04:00 PM",Kudos,Activity,11698069445
"Jun 24, 2024, 1:24:43 AM",Kudos,Activity,11720652706
"Jun 24, 2024, 1:24:50 AM",Kudos,Activity,11720500022
"Jun 24, 2024, 1:25:10 AM",Kudos,Activity,11715386003
"Jun 24, 2024, 1:25:12 AM",Kudos,Activity,11715386269
"Jun 24, 2024, 1:26:12 AM",Kudos,Activity,11720412285
"Jun 24, 2024, 1:26:20 AM",Kudos,Activity,11721955326
"Jun 24, 2024, 1:26:23 AM",Kudos,Activity,11720562698
"Jun 24, 2024, 1:26:28 AM",Kudos,Activity,11713482248
"Jun 24, 2024, 1:26:49 AM",Kudos,Activity,11721173732
"Jun 24, 2024, 1:27:27 AM",Kudos,Activity,11713440796
"Jun 24, 2024, 12:12:22 PM",Kudos,Activity,11726591560
"Jun 24, 2024, 4:32:39 PM",Kudos,Activity,11727881163
"Jun 24, 2024, 4:32:52 PM",Kudos,Activity,11727910201
"Jun 24, 2024, 4:32:58 PM",Kudos,Activity,11727616302
"Jun 25, 2024, 12:51:50 AM",Kudos,Activity,11731545963
"Jun 25, 2024, 9:50:32 PM",Kudos,Activity,11739133401
"Jun 26, 2024, 11:37:36 AM",Kudos,Activity,11743201840
"Jun 26, 2024, 11:41:31 AM",Kudos,Activity,11743070304
"Jun 26, 2024, 11:41:56 AM",Kudos,Activity,11741163980
"Jun 26, 2024, 11:42:06 AM",Kudos,Activity,11740405114
"Jun 26, 2024, 12:41:01 PM",Kudos,Activity,11743626350
"Jun 26, 2024, 12:41:03 PM",Kudos,Activity,11743580418
"Jun 26, 2024, 3:00:21 PM",Kudos,Activity,11744175286
"Jun 26, 2024, 3:00:37 PM",Kudos,Activity,11743554480
"Jun 26, 2024, 3:04:48 PM",Kudos,Activity,11744798733
"Jun 26, 2024, 6:44:29 PM",Kudos,Activity,11745086915
"Jun 26, 2024, 6:44:41 PM",Kudos,Activity,11745662153
"Jun 27, 2024, 11:53:09 AM",Kudos,Activity,11751313811
"Jun 27, 2024, 5:47:28 PM",Kudos,Activity,11752873897
"Jun 27, 2024, 5:48:12 PM",Kudos,Activity,11752087992
"Jun 27, 2024, 5:48:16 PM",Kudos,Activity,11752072078
"Jun 27, 2024, 5:48:51 PM",Kudos,Activity,11751165367
"Jun 27, 2024, 10:03:59 PM",Kudos,Activity,11754433296
"Jun 28, 2024, 2:01:53 PM",Kudos,Activity,11759628169
"Jun 28, 2024, 2:02:16 PM",Kudos,Activity,11759625719
"Jun 28, 2024, 2:02:36 PM",Kudos,Activity,11756767598
"Jun 28, 2024, 2:02:47 PM",Kudos,Activity,11755627833
"Jun 28, 2024, 2:02:52 PM",Kudos,Activity,11758766340
"Jun 28, 2024, 6:04:21 PM",Kudos,Activity,11760279400
"Jun 28, 2024, 6:04:41 PM",Kudos,Activity,11760210890
"Jun 28, 2024, 6:04:45 PM",Kudos,Activity,11760879501
"Jun 28, 2024, 6:05:02 PM",Kudos,Activity,11761166596
"Jun 28, 2024, 6:05:11 PM",Kudos,Activity,11760301593
"Jun 28, 2024, 6:05:19 PM",Kudos,Activity,11761400111
"Jun 29, 2024, 9:00:09 PM",Kudos,Activity,11767377959
"Jun 29, 2024, 9:02:34 PM",Kudos,Activity,11768278461
"Jun 29, 2024, 9:02:45 PM",Kudos,Activity,11766361475
"Jun 29, 2024, 9:02:49 PM",Kudos,Activity,11768080600
"Jun 29, 2024, 9:03:16 PM",Kudos,Activity,11769954804
"Jun 29, 2024, 9:03:23 PM",Kudos,Activity,11768343164
"Jun 29, 2024, 9:03:28 PM",Kudos,Activity,11767084602
"Jun 30, 2024, 6:31:30 PM",Kudos,Activity,11775339745
"Jun 30, 2024, 6:31:45 PM",Kudos,Activity,11771481467
"Jun 30, 2024, 6:31:50 PM",Kudos,Activity,11774647368
"Jun 30, 2024, 11:50:34 PM",Kudos,Activity,11777973263
"Jun 30, 2024, 11:50:35 PM",Kudos,Activity,11777604084
"Jun 30, 2024, 11:51:16 PM",Kudos,Activity,11778743139
"Jul 1, 2024, 1:02:34 PM",Kudos,Activity,11781811531
"Jul 1, 2024, 1:03:30 PM",Kudos,Activity,11781528952
"Jul 1, 2024, 1:03:43 PM",Kudos,Activity,11781158989
"Jul 1, 2024, 1:04:11 PM",Kudos,Activity,11778889138
"Jul 1, 2024, 1:04:18 PM",Kudos,Activity,11778888999
"Jul 1, 2024, 1:04:25 PM",Kudos,Activity,11781549052
"Jul 1, 2024, 3:05:47 PM",Kudos,Activity,11782080534
"Jul 1, 2024, 3:06:01 PM",Kudos,Activity,11782614402
"Jul 1, 2024, 3:06:26 PM",Kudos,Activity,11782010925
"Jul 1, 2024, 5:06:39 PM",Kudos,Activity,11783334293
"Jul 1, 2024, 9:38:49 PM",Kudos,Activity,11775435456
"Jul 2, 2024, 12:22:01 PM",Kudos,Activity,11786813347
"Jul 2, 2024, 12:22:13 PM",Kudos,Activity,11789352828
"Jul 2, 2024, 12:22:19 PM",Kudos,Activity,11789236782
"Jul 2, 2024, 12:22:32 PM",Kudos,Activity,11788967748
"Jul 2, 2024, 12:24:58 PM",Kudos,Activity,11786968870
"Jul 2, 2024, 6:56:34 PM",Kudos,Activity,11789906940
"Jul 3, 2024, 12:36:48 PM",Kudos,Activity,11797825552
"Jul 3, 2024, 12:37:01 PM",Kudos,Activity,11797614921
"Jul 3, 2024, 12:38:11 PM",Kudos,Activity,11795461858
"Jul 3, 2024, 12:38:19 PM",Kudos,Activity,11797264126
"Jul 3, 2024, 12:38:39 PM",Kudos,Activity,11797950515
"Jul 3, 2024, 12:38:43 PM",Kudos,Activity,11795295843
"Jul 3, 2024, 12:38:45 PM",Kudos,Activity,11795418451
"Jul 3, 2024, 12:38:48 PM",Kudos,Activity,11793735317
"Jul 3, 2024, 2:54:05 PM",Kudos,Activity,11798169722
"Jul 3, 2024, 2:54:11 PM",Kudos,Activity,11798469200
"Jul 3, 2024, 4:51:47 PM",Kudos,Activity,11799803229
"Jul 3, 2024, 4:52:03 PM",Kudos,Activity,11799326849
"Jul 3, 2024, 4:53:03 PM",Kudos,Activity,11799841306
"Jul 4, 2024, 1:57:36 AM",Kudos,Activity,11802870975
"Jul 4, 2024, 2:13:45 PM",Kudos,Activity,11805027381
"Jul 4, 2024, 2:13:55 PM",Kudos,Activity,11806530499
"Jul 4, 2024, 2:13:57 PM",Kudos,Activity,11806519940
"Jul 4, 2024, 2:14:20 PM",Kudos,Activity,11805477351
"Jul 4, 2024, 2:14:42 PM",Kudos,Activity,11806113671
"Jul 4, 2024, 5:12:40 PM",Kudos,Activity,11806856070
"Jul 4, 2024, 5:13:38 PM",Kudos,Activity,11807517551
"Jul 4, 2024, 5:13:41 PM",Kudos,Activity,11806882126
"Jul 4, 2024, 5:13:44 PM",Kudos,Activity,11807610222
"Jul 6, 2024, 2:31:52 PM",Kudos,Activity,11822350478
"Jul 6, 2024, 2:32:00 PM",Kudos,Activity,11813587328
"Jul 6, 2024, 2:32:11 PM",Kudos,Activity,11810759250
"Jul 6, 2024, 2:32:32 PM",Kudos,Activity,11814317274
"Jul 6, 2024, 2:32:37 PM",Kudos,Activity,11814484656
"Jul 6, 2024, 2:33:11 PM",Kudos,Activity,11812462583
"Jul 6, 2024, 3:54:08 PM",Kudos,Activity,11822611824
"Jul 6, 2024, 3:54:30 PM",Kudos,Activity,11822674950
"Jul 6, 2024, 7:35:25 PM",Kudos,Activity,11824053199
"Jul 6, 2024, 7:35:31 PM",Kudos,Activity,11823331257
"Jul 6, 2024, 7:36:03 PM",Kudos,Activity,11823307125
"Jul 7, 2024, 11:46:02 AM",Kudos,Activity,11825150360
"Jul 7, 2024, 11:47:24 AM",Kudos,Activity,11825373684
"Jul 7, 2024, 11:48:20 AM",Kudos,Activity,11826596547
"Jul 7, 2024, 9:12:16 PM",Kudos,Activity,11831494451
"Jul 7, 2024, 9:12:24 PM",Kudos,Activity,11830795131
"Jul 7, 2024, 9:12:29 PM",Kudos,Activity,11832314337
"Jul 7, 2024, 9:12:41 PM",Kudos,Activity,11830319673
"Jul 7, 2024, 9:12:57 PM",Kudos,Activity,11831079062
"Jul 8, 2024, 1:51:22 AM",Kudos,Activity,11833554027
"Jul 8, 2024, 12:31:07 PM",Kudos,Activity,11837075148
"Jul 8, 2024, 12:31:13 PM",Kudos,Activity,11836289910
"Jul 8, 2024, 12:31:16 PM",Kudos,Activity,11836421081
"Jul 9, 2024, 1:55:51 AM",Kudos,Activity,11837606342
"Jul 9, 2024, 1:55:54 AM",Kudos,Activity,11838606733
"Jul 9, 2024, 1:56:06 AM",Kudos,Activity,11838479767
"Jul 9, 2024, 1:56:10 AM",Kudos,Activity,11837389367
"Jul 9, 2024, 1:56:13 AM",Kudos,Activity,11838093811
"Jul 9, 2024, 1:56:23 AM",Kudos,Activity,11841085934
"Jul 9, 2024, 11:51:26 AM",Kudos,Activity,11844809794
"Jul 9, 2024, 1:57:12 PM",Kudos,Activity,11845929253
"Jul 9, 2024, 1:57:14 PM",Kudos,Activity,11845191513
"Jul 9, 2024, 1:58:03 PM",Kudos,Activity,11845048379
"Jul 9, 2024, 3:21:15 PM",Kudos,Activity,11846379397
"Jul 9, 2024, 4:20:54 PM",Kudos,Activity,11847065532
"Jul 10, 2024, 12:27:04 PM",Kudos,Activity,11851697358
"Jul 10, 2024, 12:27:15 PM",Kudos,Activity,11850772795
"Jul 10, 2024, 12:27:45 PM",Kudos,Activity,11853001014
"Jul 10, 2024, 12:27:55 PM",Kudos,Activity,11852802530
"Jul 10, 2024, 12:28:03 PM",Kudos,Activity,11849166433
"Jul 10, 2024, 12:28:18 PM",Kudos,Activity,11852802094
"Jul 10, 2024, 12:28:28 PM",Kudos,Activity,11850191152
"Jul 10, 2024, 12:28:41 PM",Kudos,Activity,11850755537
"Jul 10, 2024, 12:28:46 PM",Kudos,Activity,11850627883
"Jul 10, 2024, 5:20:56 PM",Kudos,Activity,11854802798
"Jul 10, 2024, 5:20:58 PM",Kudos,Activity,11855082912
"Jul 10, 2024, 11:36:49 PM",Kudos,Activity,11858262188
"Jul 10, 2024, 11:37:14 PM",Kudos,Activity,11854260489
"Jul 10, 2024, 11:37:36 PM",Kudos,Activity,11854529890
"Jul 10, 2024, 11:37:39 PM",Kudos,Activity,11854802511
"Jul 11, 2024, 1:44:45 PM",Kudos,Activity,11859331531
"Jul 11, 2024, 1:44:48 PM",Kudos,Activity,11861432094
"Jul 11, 2024, 1:45:21 PM",Kudos,Activity,11859164672
"Jul 11, 2024, 1:45:29 PM",Kudos,Activity,11859091487
"Jul 11, 2024, 1:46:10 PM",Kudos,Activity,11861417184
"Jul 11, 2024, 1:46:57 PM",Kudos,Activity,11861352290
"Jul 11, 2024, 6:30:25 PM",Kudos,Activity,11862651605
"Jul 11, 2024, 6:30:28 PM",Kudos,Activity,11863191821
"Jul 11, 2024, 6:30:41 PM",Kudos,Activity,11862545384
"Jul 11, 2024, 6:30:57 PM",Kudos,Activity,11862281226
"Jul 11, 2024, 6:31:02 PM",Kudos,Activity,11863335538
"Jul 11, 2024, 6:31:40 PM",Kudos,Activity,11863614237
"Jul 12, 2024, 11:39:35 AM",Kudos,Activity,11869057392
"Jul 12, 2024, 11:39:38 AM",Kudos,Activity,11866794270
"Jul 12, 2024, 11:42:01 AM",Kudos,Activity,11869135341
"Jul 12, 2024, 12:01:01 PM",Kudos,Activity,11869287517
"Jul 12, 2024, 12:33:19 PM",Kudos,Activity,11869419160
"Jul 12, 2024, 12:33:23 PM",Kudos,Activity,11869572719
"Jul 12, 2024, 1:55:42 PM",Kudos,Activity,11869876151
"Jul 12, 2024, 3:35:38 PM",Kudos,Activity,11870115841
"Jul 12, 2024, 3:49:43 PM",Kudos,Activity,11870868449
"Jul 12, 2024, 8:39:36 PM",Kudos,Activity,11871378179
"Jul 13, 2024, 3:18:05 AM",Kudos,Activity,11873600144
"Jul 13, 2024, 3:18:11 AM",Kudos,Activity,11873759685
"Jul 13, 2024, 3:18:24 AM",Kudos,Activity,11873793202
"Jul 13, 2024, 3:06:55 PM",Kudos,Activity,11878584342
"Jul 13, 2024, 3:21:46 PM",Kudos,Activity,11877086137
"Jul 13, 2024, 3:22:20 PM",Kudos,Activity,11878412794
"Jul 13, 2024, 3:22:27 PM",Kudos,Activity,11874416831
"Jul 13, 2024, 3:22:31 PM",Kudos,Activity,11877960014
"Jul 13, 2024, 3:34:13 PM",Kudos,Activity,11878792746
"Jul 13, 2024, 8:18:54 PM",Kudos,Activity,11880110783
"Jul 13, 2024, 8:19:41 PM",Kudos,Activity,11879004657
"Jul 13, 2024, 8:19:58 PM",Kudos,Activity,11879459488
"Jul 14, 2024, 12:59:39 AM",Kudos,Activity,11880872586
"Jul 14, 2024, 12:59:47 AM",Kudos,Activity,11881189168
"Jul 14, 2024, 3:35:11 AM",Kudos,Activity,11882340651
"Jul 14, 2024, 5:42:05 PM",Kudos,Activity,11886506796
"Jul 14, 2024, 5:42:37 PM",Kudos,Activity,11886594106
"Jul 14, 2024, 5:43:20 PM",Kudos,Activity,11885636515
"Jul 14, 2024, 5:43:45 PM",Kudos,Activity,11887926939
"Jul 14, 2024, 7:24:43 PM",Kudos,Activity,11888631040
"Jul 14, 2024, 7:24:58 PM",Kudos,Activity,11889020878
"Jul 14, 2024, 7:25:00 PM",Kudos,Activity,11889183035
"Jul 15, 2024, 1:12:52 PM",Kudos,Activity,11893163854
"Jul 15, 2024, 1:13:03 PM",Kudos,Activity,11893114288
"Jul 15, 2024, 1:13:31 PM",Kudos,Activity,11892983476
"Jul 15, 2024, 1:14:08 PM",Kudos,Activity,11892699756
"Jul 15, 2024, 2:50:43 PM",Kudos,Activity,11894206917
"Jul 15, 2024, 5:06:47 PM",Kudos,Activity,11894643549
"Jul 15, 2024, 5:06:53 PM",Kudos,Activity,11894546397
"Jul 16, 2024, 12:48:35 PM",Kudos,Activity,11901540200
"Jul 16, 2024, 12:50:05 PM",Kudos,Activity,11901060079
"Jul 16, 2024, 12:50:21 PM",Kudos,Activity,11900633471
"Jul 16, 2024, 1:02:25 PM",Kudos,Activity,11901317752
"Jul 16, 2024, 1:02:27 PM",Kudos,Activity,11900841937
"Jul 16, 2024, 1:03:09 PM",Kudos,Activity,11901103491
"Jul 16, 2024, 1:03:18 PM",Kudos,Activity,11897441558
"Jul 17, 2024, 11:46:22 AM",Kudos,Activity,11909701271
"Jul 17, 2024, 11:46:34 AM",Kudos,Activity,11909296173
"Jul 17, 2024, 11:46:43 AM",Kudos,Activity,11907096280
"Jul 17, 2024, 11:46:58 AM",Kudos,Activity,11905599134
"Jul 17, 2024, 11:47:18 AM",Kudos,Activity,11907283436
"Jul 17, 2024, 1:43:46 PM",Kudos,Activity,11910093932
"Jul 17, 2024, 1:44:02 PM",Kudos,Activity,11909935635
"Jul 17, 2024, 1:44:08 PM",Kudos,Activity,11910399656
"Jul 17, 2024, 8:58:54 PM",Kudos,Activity,11911575408
"Jul 17, 2024, 8:59:39 PM",Kudos,Activity,11911635735
"Jul 18, 2024, 1:12:31 PM",Kudos,Activity,11917998328
"Jul 18, 2024, 1:12:51 PM",Kudos,Activity,11914621702
"Jul 18, 2024, 1:12:55 PM",Kudos,Activity,11918448937
"Jul 18, 2024, 1:13:07 PM",Kudos,Activity,11915548461
"Jul 18, 2024, 1:13:19 PM",Kudos,Activity,11914757204
"Jul 18, 2024, 1:13:23 PM",Kudos,Activity,11915836858
"Jul 18, 2024, 2:18:25 PM",Kudos,Activity,11919311493
"Jul 19, 2024, 2:46:03 AM",Kudos,Activity,11923558380
"Jul 19, 2024, 12:19:06 PM",Kudos,Activity,11926432783
"Jul 19, 2024, 12:19:12 PM",Kudos,Activity,11926460695
"Jul 19, 2024, 12:19:33 PM",Kudos,Activity,11926411366
"Jul 19, 2024, 12:21:08 PM",Kudos,Activity,11924279962
"Jul 19, 2024, 12:21:11 PM",Kudos,Activity,11924186635
"Jul 19, 2024, 1:42:41 PM",Kudos,Activity,11927227145
"Jul 19, 2024, 1:42:52 PM",Kudos,Activity,11926988420
"Jul 19, 2024, 1:42:57 PM",Kudos,Activity,11926974890
"Jul 19, 2024, 3:50:47 PM",Kudos,Activity,11928202780
"Jul 19, 2024, 3:50:58 PM",Kudos,Activity,11927860823
"Jul 20, 2024, 3:33:56 PM",Kudos,Activity,11935840652
"Jul 20, 2024, 3:34:11 PM",Kudos,Activity,11936241709
"Jul 20, 2024, 3:34:31 PM",Kudos,Activity,11931660410
"Jul 20, 2024, 9:43:01 PM",Kudos,Activity,11938620325
"Jul 20, 2024, 9:44:57 PM",Kudos,Activity,11937033754
"Jul 20, 2024, 9:46:24 PM",Kudos,Activity,11936941146
"Jul 21, 2024, 12:09:55 AM",Kudos,Activity,11938994391
"Jul 22, 2024, 1:28:26 PM",Kudos,Activity,11951403175
"Jul 22, 2024, 1:29:17 PM",Kudos,Activity,11950572860
"Jul 22, 2024, 1:29:21 PM",Kudos,Activity,11951317222
"Jul 22, 2024, 1:30:23 PM",Kudos,Activity,11943771011
"Jul 22, 2024, 1:30:58 PM",Kudos,Activity,11944254862
"Jul 22, 2024, 3:09:24 PM",Kudos,Activity,11951958672
"Jul 22, 2024, 3:10:41 PM",Kudos,Activity,11950934977
"Jul 22, 2024, 3:10:45 PM",Kudos,Activity,11944201216
"Jul 22, 2024, 3:11:20 PM",Kudos,Activity,11951602243
"Jul 22, 2024, 3:11:44 PM",Kudos,Activity,11947341843
"Jul 22, 2024, 3:11:55 PM",Kudos,Activity,11944381739
"Jul 22, 2024, 3:12:07 PM",Kudos,Activity,11946188933
"Jul 22, 2024, 3:12:31 PM",Kudos,Activity,11944341709
"Jul 22, 2024, 9:36:36 PM",Kudos,Activity,11953219376
"Jul 23, 2024, 12:00:29 PM",Kudos,Activity,11959041671
"Jul 23, 2024, 12:00:38 PM",Kudos,Activity,11959196856
"Jul 23, 2024, 12:05:03 PM",Kudos,Activity,11959446581
"Jul 23, 2024, 1:11:11 PM",Kudos,Activity,11960066060
"Jul 23, 2024, 2:15:24 PM",Kudos,Activity,11960479033
"Jul 23, 2024, 6:13:44 PM",Kudos,Activity,11961091009
"Jul 24, 2024, 4:00:18 PM",Kudos,Activity,11968178084
"Jul 24, 2024, 4:00:46 PM",Kudos,Activity,11968402343
"Jul 24, 2024, 4:00:49 PM",Kudos,Activity,11969912300
"Jul 24, 2024, 4:01:23 PM",Kudos,Activity,11969142011
"Jul 24, 2024, 4:01:29 PM",Kudos,Activity,11969579119
"Jul 24, 2024, 5:42:11 PM",Kudos,Activity,11970649298
"Jul 25, 2024, 1:48:44 PM",Kudos,Activity,11977412194
"Jul 25, 2024, 1:49:01 PM",Kudos,Activity,11977444809
"Jul 25, 2024, 1:49:09 PM",Kudos,Activity,11977606323
"Jul 25, 2024, 1:49:13 PM",Kudos,Activity,11971800638
"Jul 25, 2024, 1:50:20 PM",Kudos,Activity,11973713749
"Jul 25, 2024, 1:50:23 PM",Kudos,Activity,11977021542
"Jul 26, 2024, 2:30:00 AM",Kudos,Activity,11980821509
"Jul 26, 2024, 11:13:46 AM",Kudos,Activity,11984750163
"Jul 26, 2024, 11:37:53 AM",Kudos,Activity,11984720823
"Jul 26, 2024, 1:07:46 PM",Kudos,Activity,11985370016
"Jul 26, 2024, 1:17:31 PM",Kudos,Activity,11982081574
"Jul 26, 2024, 1:17:55 PM",Kudos,Activity,11982362760
"Jul 26, 2024, 1:18:10 PM",Kudos,Activity,11981758505
"Jul 26, 2024, 1:18:59 PM",Kudos,Activity,11981601293
"Jul 26, 2024, 1:34:30 PM",Kudos,Activity,11982277555
"Jul 26, 2024, 3:22:57 PM",Kudos,Activity,11985832032
"Jul 26, 2024, 3:23:06 PM",Kudos,Activity,11986158036
"Jul 27, 2024, 3:28:12 AM",Kudos,Activity,11989751382
"Jul 27, 2024, 3:33:21 PM",Kudos,Activity,11994152648
"Jul 27, 2024, 3:33:24 PM",Kudos,Activity,11994086004
"Jul 27, 2024, 3:33:41 PM",Kudos,Activity,11993930246
"Jul 27, 2024, 3:33:49 PM",Kudos,Activity,11993769862
"Jul 27, 2024, 6:01:06 PM",Kudos,Activity,11995506399
"Jul 27, 2024, 6:01:11 PM",Kudos,Activity,11995506212
"Jul 27, 2024, 6:01:20 PM",Kudos,Activity,11995506151
"Jul 27, 2024, 6:01:49 PM",Kudos,Activity,11995120429
"Jul 28, 2024, 2:09:28 PM",Kudos,Activity,11997506298
"Jul 28, 2024, 2:10:31 PM",Kudos,Activity,11996254910
"Jul 28, 2024, 2:10:35 PM",Kudos,Activity,11997067578
"Jul 28, 2024, 2:11:16 PM",Kudos,Post,31211991
"Jul 28, 2024, 8:25:25 PM",Kudos,Activity,12002772411
"Jul 28, 2024, 8:25:33 PM",Kudos,Activity,12002837861
"Jul 28, 2024, 8:26:07 PM",Kudos,Activity,12002450271
"Jul 28, 2024, 8:26:13 PM",Kudos,Activity,12002794646
"Jul 28, 2024, 8:26:19 PM",Kudos,Activity,12002862552
"Jul 28, 2024, 8:26:33 PM",Kudos,Activity,12002395509
"Jul 28, 2024, 8:26:36 PM",Kudos,Activity,12003438470
"Jul 28, 2024, 8:26:45 PM",Kudos,Activity,12002181407
"Jul 28, 2024, 8:27:23 PM",Kudos,Activity,12001733711
"Jul 29, 2024, 12:19:37 AM",Kudos,Activity,12006284943
"Jul 30, 2024, 12:06:07 AM",Kudos,Activity,12013541271
"Jul 30, 2024, 12:06:16 AM",Kudos,Activity,12013804937
"Jul 30, 2024, 12:06:32 AM",Kudos,Activity,12009762022
"Jul 30, 2024, 12:09:38 AM",Kudos,Activity,12009022593
"Jul 30, 2024, 12:09:43 AM",Kudos,Activity,12009351977
"Jul 30, 2024, 11:48:41 AM",Kudos,Activity,12017494777
"Jul 30, 2024, 11:48:44 AM",Kudos,Activity,12017833146
"Jul 30, 2024, 4:11:40 PM",Kudos,Activity,12018117478
"Jul 30, 2024, 4:11:46 PM",Kudos,Activity,12017892850
"Jul 31, 2024, 2:05:00 AM",Kudos,Activity,12022741892
"Jul 31, 2024, 1:11:18 PM",Kudos,Activity,12027157118
"Jul 31, 2024, 1:11:24 PM",Kudos,Activity,12026041712
"Jul 31, 2024, 1:11:31 PM",Kudos,Activity,12025909839
"Jul 31, 2024, 2:17:12 PM",Kudos,Activity,12027262765
"Jul 31, 2024, 2:17:36 PM",Kudos,Activity,12027540436
"Aug 1, 2024, 1:55:48 AM",Kudos,Activity,12031656657
"Aug 1, 2024, 1:55:57 AM",Kudos,Activity,12028342957
"Aug 1, 2024, 1:56:02 AM",Kudos,Activity,12028698305
"Aug 1, 2024, 1:56:04 AM",Kudos,Activity,12032028484
"Aug 1, 2024, 12:00:41 PM",Kudos,Activity,12034562066
"Aug 1, 2024, 12:00:59 PM",Kudos,Activity,12034127483
"Aug 1, 2024, 12:01:30 PM",Kudos,Activity,12032216900
"Aug 1, 2024, 12:01:32 PM",Kudos,Activity,12032239236
"Aug 1, 2024, 12:58:21 PM",Kudos,Activity,12034561819
"Aug 1, 2024, 1:08:21 PM",Kudos,Activity,12035478093
"Aug 1, 2024, 1:08:26 PM",Kudos,Activity,12035521163
"Aug 1, 2024, 3:48:26 PM",Kudos,Activity,12035969294
"Aug 1, 2024, 3:48:54 PM",Kudos,Activity,12036439101
"Aug 1, 2024, 3:49:02 PM",Kudos,Activity,12036474161
"Aug 1, 2024, 8:50:51 PM",Kudos,Activity,12038500422
"Aug 2, 2024, 11:59:16 AM",Kudos,Activity,12042858474
"Aug 2, 2024, 11:59:24 AM",Kudos,Activity,12042722016
"Aug 2, 2024, 12:00:03 PM",Kudos,Activity,12040051003
"Aug 2, 2024, 12:00:11 PM",Kudos,Activity,12042417594
"Aug 2, 2024, 12:00:14 PM",Kudos,Activity,12042719257
"Aug 2, 2024, 12:00:34 PM",Kudos,Activity,12039863479
"Aug 4, 2024, 3:30:23 AM",Kudos,Activity,12052231788
"Aug 4, 2024, 3:30:30 AM",Kudos,Activity,12052116127
"Aug 4, 2024, 3:30:38 AM",Kudos,Activity,12052102456
"Aug 4, 2024, 3:30:41 AM",Kudos,Activity,12054498956
"Aug 4, 2024, 3:30:48 AM",Kudos,Activity,12043516807
"Aug 4, 2024, 3:30:54 AM",Kudos,Activity,12051021912
"Aug 4, 2024, 3:31:06 AM",Kudos,Activity,12039361627
"Aug 4, 2024, 3:31:15 AM",Kudos,Activity,12052351645
"Aug 4, 2024, 3:31:20 AM",Kudos,Activity,12044789490
"Aug 4, 2024, 3:31:32 AM",Kudos,Activity,12049719837
"Aug 4, 2024, 1:17:31 PM",Kudos,Activity,12060017734
"Aug 4, 2024, 6:30:05 PM",Kudos,Activity,12061223337
"Aug 4, 2024, 8:40:48 PM",Kudos,Activity,12061111093
"Aug 4, 2024, 8:41:08 PM",Kudos,Activity,12061458605
"Aug 4, 2024, 8:41:24 PM",Kudos,Activity,12060447799
"Aug 4, 2024, 8:42:45 PM",Kudos,Activity,12060606264
"Aug 5, 2024, 1:22:15 AM",Kudos,Activity,12064373849
"Aug 5, 2024, 1:23:49 PM",Kudos,Activity,12067236983
"Aug 5, 2024, 1:24:06 PM",Kudos,Activity,12066866225
"Aug 5, 2024, 1:24:15 PM",Kudos,Activity,12066453999
"Aug 5, 2024, 2:10:28 PM",Kudos,Activity,12068600124
"Aug 6, 2024, 12:21:39 PM",Kudos,Activity,12075986406
"Aug 6, 2024, 12:23:14 PM",Kudos,Activity,12076069977
"Aug 6, 2024, 12:23:19 PM",Kudos,Activity,12075574207
"Aug 6, 2024, 12:23:27 PM",Kudos,Activity,12071131858
"Aug 6, 2024, 12:23:31 PM",Kudos,Activity,12073047107
"Aug 6, 2024, 12:23:33 PM",Kudos,Activity,12074877357
"Aug 6, 2024, 12:23:57 PM",Kudos,Activity,12073520875
"Aug 6, 2024, 12:24:24 PM",Kudos,Activity,12070101055
"Aug 6, 2024, 12:43:29 PM",Kudos,Activity,12076741002
"Aug 6, 2024, 5:10:33 PM",Kudos,Activity,12077046192
"Aug 6, 2024, 5:10:38 PM",Kudos,Activity,12077237794
"Aug 7, 2024, 1:23:35 AM",Kudos,Activity,12081083393
"Aug 7, 2024, 1:23:41 AM",Kudos,Activity,12081152242
"Aug 7, 2024, 1:23:59 AM",Kudos,Activity,12082417064
"Aug 7, 2024, 1:30:40 PM",Kudos,Activity,12085769757
"Aug 7, 2024, 1:30:43 PM",Kudos,Activity,12085078955
"Aug 7, 2024, 2:47:57 PM",Kudos,Activity,12083799435
"Aug 7, 2024, 2:47:59 PM",Kudos,Activity,12086154076
"Aug 7, 2024, 2:48:06 PM",Kudos,Activity,12085886009
"Aug 7, 2024, 2:48:08 PM",Kudos,Activity,12082735352
"Aug 7, 2024, 4:08:38 PM",Kudos,Activity,12086480615
"Aug 8, 2024, 1:04:13 PM",Kudos,Activity,12093942371
"Aug 8, 2024, 1:04:26 PM",Kudos,Activity,12093483173
"Aug 8, 2024, 1:04:33 PM",Kudos,Activity,12090245878
"Aug 8, 2024, 1:04:36 PM",Kudos,Activity,12094386992
"Aug 8, 2024, 1:04:40 PM",Kudos,Activity,12094076741
"Aug 8, 2024, 1:04:56 PM",Kudos,Activity,12091460244
"Aug 8, 2024, 2:40:46 PM",Kudos,Activity,12095225100
"Aug 8, 2024, 2:40:58 PM",Kudos,Post,31408082
"Aug 10, 2024, 3:01:32 AM",Kudos,Activity,12102928911
"Aug 10, 2024, 3:01:41 AM",Kudos,Activity,12102862575
"Aug 10, 2024, 3:01:43 AM",Kudos,Activity,12102208024
"Aug 10, 2024, 3:01:47 AM",Kudos,Activity,12102331551
"Aug 10, 2024, 3:01:53 AM",Kudos,Activity,12103151521
"Aug 10, 2024, 3:01:59 AM",Kudos,Activity,12101750594
"Aug 10, 2024, 3:02:02 AM",Kudos,Activity,12106881032
"Aug 10, 2024, 5:46:41 PM",Kudos,Activity,12112369924
"Aug 10, 2024, 5:46:44 PM",Kudos,Activity,12109089314
"Aug 10, 2024, 5:46:52 PM",Kudos,Activity,12111453821
"Aug 10, 2024, 5:46:57 PM",Kudos,Activity,12110777383
"Aug 10, 2024, 5:47:08 PM",Kudos,Activity,12111254405
"Aug 10, 2024, 5:47:12 PM",Kudos,Activity,12111077816
"Aug 10, 2024, 5:47:17 PM",Kudos,Activity,12110594114
"Aug 10, 2024, 8:52:20 PM",Kudos,Activity,12113683290
"Aug 11, 2024, 3:09:24 PM",Kudos,Activity,12120457860
"Aug 11, 2024, 3:10:33 PM",Kudos,Activity,12120304817
"Aug 11, 2024, 3:10:51 PM",Kudos,Activity,12120900204
"Aug 11, 2024, 11:17:56 PM",Kudos,Activity,12123155675
"Aug 11, 2024, 11:18:08 PM",Kudos,Activity,12123057079
"Aug 11, 2024, 11:18:10 PM",Kudos,Activity,12123099570
"Aug 11, 2024, 11:18:45 PM",Kudos,Activity,12122157034
"Aug 12, 2024, 1:28:55 PM",Kudos,Activity,12126940145
"Aug 12, 2024, 1:37:45 PM",Kudos,Activity,12126552928
"Aug 12, 2024, 1:37:46 PM",Kudos,Activity,12127491623
"Aug 12, 2024, 1:37:51 PM",Kudos,Activity,12124471657
"Aug 12, 2024, 9:20:28 PM",Kudos,Activity,12128381861
"Aug 12, 2024, 9:20:34 PM",Kudos,Activity,12130404794
"Aug 13, 2024, 12:23:38 PM",Kudos,Activity,12131711806
"Aug 13, 2024, 12:23:54 PM",Kudos,Activity,12131403837
"Aug 13, 2024, 12:24:02 PM",Kudos,Activity,12134568673
"Aug 13, 2024, 12:24:13 PM",Kudos,Activity,12135552824
"Aug 13, 2024, 1:35:04 PM",Kudos,Activity,12136558789
"Aug 13, 2024, 1:35:21 PM",Kudos,Activity,12136614229
"Aug 13, 2024, 4:06:37 PM",Kudos,Activity,12137234912
"Aug 14, 2024, 12:35:17 PM",Kudos,Activity,12144702525
"Aug 14, 2024, 12:38:18 PM",Kudos,Activity,12144040605
"Aug 14, 2024, 12:38:22 PM",Kudos,Activity,12139089617
"Aug 14, 2024, 12:38:26 PM",Kudos,Activity,12141777170
"Aug 14, 2024, 12:39:03 PM",Kudos,Activity,12144285131
"Aug 14, 2024, 12:39:22 PM",Kudos,Activity,12141852377
"Aug 14, 2024, 3:06:02 PM",Kudos,Activity,12145518129
"Aug 14, 2024, 7:26:14 PM",Kudos,Activity,12145781536
"Aug 15, 2024, 2:18:18 AM",Kudos,Activity,12149516307
"Aug 15, 2024, 2:18:28 AM",Kudos,Activity,12149764149
"Aug 15, 2024, 2:18:48 AM",Kudos,Activity,12150036312
"Aug 15, 2024, 1:00:34 PM",Kudos,Activity,12153054479
"Aug 15, 2024, 1:01:00 PM",Kudos,Activity,12152861800
"Aug 15, 2024, 1:01:06 PM",Kudos,Activity,12152603505
"Aug 15, 2024, 1:01:11 PM",Kudos,Activity,12153111500
"Aug 15, 2024, 4:42:27 PM",Kudos,Activity,12153810193
"Aug 16, 2024, 11:58:23 AM",Kudos,Activity,12161556870
"Aug 16, 2024, 11:59:00 AM",Kudos,Activity,12161393896
"Aug 16, 2024, 1:18:42 PM",Kudos,Activity,12162195210
"Aug 16, 2024, 1:18:53 PM",Kudos,Activity,12161860948
"Aug 16, 2024, 3:11:21 PM",Kudos,Activity,12163093111
"Aug 16, 2024, 5:12:24 PM",Kudos,Activity,12163957712
"Aug 17, 2024, 12:13:26 AM",Kudos,Activity,12165847037
"Aug 17, 2024, 12:13:56 AM",Kudos,Activity,12165339970
"Aug 17, 2024, 2:22:21 PM",Kudos,Activity,12170760505
"Aug 17, 2024, 3:55:17 PM",Kudos,Activity,12171393653
"Aug 17, 2024, 3:56:21 PM",Kudos,Activity,12170816435
"Aug 17, 2024, 3:56:31 PM",Kudos,Activity,12169032382
"Aug 17, 2024, 3:56:36 PM",Kudos,Activity,12169829380
"Aug 17, 2024, 3:56:39 PM",Kudos,Activity,12170495517
"Aug 17, 2024, 3:57:02 PM",Kudos,Activity,12170407557
"Aug 17, 2024, 8:33:23 PM",Kudos,Activity,12172909862
"Aug 18, 2024, 2:26:09 AM",Kudos,Activity,12174842364
"Aug 18, 2024, 2:41:58 PM",Kudos,Activity,12179133148
"Aug 18, 2024, 2:42:09 PM",Kudos,Activity,12179894666
"Aug 18, 2024, 2:42:17 PM",Kudos,Activity,12179618802
"Aug 19, 2024, 11:47:23 AM",Kudos,Activity,12185664325
"Aug 19, 2024, 11:47:28 AM",Kudos,Activity,12179977119
"Aug 19, 2024, 11:48:01 AM",Kudos,Activity,12186024643
"Aug 19, 2024, 11:48:16 AM",Kudos,Activity,12183209408
"Aug 19, 2024, 11:48:20 AM",Kudos,Activity,12181421121
"Aug 19, 2024, 11:48:25 AM",Kudos,Activity,12180455297
"Aug 19, 2024, 11:48:31 AM",Kudos,Activity,12156169962
"Aug 19, 2024, 11:48:37 AM",Kudos,Activity,12182303541
"Aug 19, 2024, 1:21:00 PM",Kudos,Activity,12186835754
"Aug 19, 2024, 1:21:04 PM",Kudos,Activity,12186763939
"Aug 19, 2024, 8:59:45 PM",Kudos,Activity,12187981784
"Aug 19, 2024, 8:59:47 PM",Kudos,Activity,12188026673
"Aug 20, 2024, 3:20:57 PM",Kudos,Activity,12195946820
"Aug 20, 2024, 3:20:59 PM",Kudos,Activity,12195832078
"Aug 20, 2024, 3:21:21 PM",Kudos,Activity,12196629793
"Aug 20, 2024, 3:21:27 PM",Kudos,Activity,12192504129
"Aug 21, 2024, 10:06:01 AM",Kudos,Activity,12201262660
"Aug 21, 2024, 10:06:17 AM",Kudos,Activity,12199666425
"Aug 21, 2024, 10:07:02 AM",Kudos,Activity,12198753337
"Aug 21, 2024, 10:07:16 AM",Kudos,Activity,12195550116
"Aug 21, 2024, 12:06:18 PM",Kudos,Activity,12204002032
"Aug 21, 2024, 1:05:43 PM",Kudos,Activity,12203614010
"Aug 21, 2024, 2:29:50 PM",Kudos,Activity,12205105328
"Aug 21, 2024, 2:29:58 PM",Kudos,Activity,12204730783
"Aug 21, 2024, 3:42:03 PM",Kudos,Activity,12205238014
"Aug 21, 2024, 6:46:50 PM",Kudos,Activity,12207397622
"Aug 21, 2024, 6:46:58 PM",Kudos,Activity,12206847057
"Aug 22, 2024, 3:07:08 AM",Kudos,Activity,12209102838
"Aug 22, 2024, 3:07:11 AM",Kudos,Activity,12209884379
"Aug 22, 2024, 3:07:29 AM",Kudos,Activity,12209463024
"Aug 22, 2024, 6:18:57 PM",Kudos,Activity,12215904155
"Aug 22, 2024, 6:19:12 PM",Kudos,Activity,12214772007
"Aug 22, 2024, 6:19:35 PM",Kudos,Activity,12214760145
"Aug 22, 2024, 6:20:06 PM",Kudos,Activity,12214489213
"Aug 22, 2024, 6:20:24 PM",Kudos,Activity,12212133302
"Aug 22, 2024, 6:20:35 PM",Kudos,Activity,12213447492
"Aug 22, 2024, 6:20:49 PM",Kudos,Activity,12212454971
"Aug 22, 2024, 6:20:57 PM",Kudos,Activity,12213968495
"Aug 22, 2024, 6:21:32 PM",Kudos,Activity,12212802852
"Aug 22, 2024, 6:21:54 PM",Kudos,Activity,12210298401
"Aug 23, 2024, 11:50:16 AM",Kudos,Activity,12220993310
"Aug 23, 2024, 11:55:51 AM",Kudos,Activity,12220513052
"Aug 23, 2024, 11:55:57 AM",Kudos,Activity,12220648051
"Aug 23, 2024, 1:54:37 PM",Kudos,Activity,12221596373
"Aug 23, 2024, 1:54:38 PM",Kudos,Activity,12221718149
"Aug 23, 2024, 1:55:07 PM",Kudos,Activity,12221751125
"Aug 23, 2024, 1:55:14 PM",Kudos,Activity,12221190428
"Aug 23, 2024, 3:03:58 PM",Kudos,Activity,12221751368
"Aug 23, 2024, 3:04:04 PM",Kudos,Activity,12222353766
"Aug 23, 2024, 6:50:57 PM",Kudos,Activity,12223810366
"Aug 25, 2024, 4:04:23 AM",Kudos,Activity,12232359834
"Aug 25, 2024, 4:04:54 AM",Kudos,Activity,12232116635
"Aug 25, 2024, 4:05:24 AM",Kudos,Activity,12230101037
"Aug 25, 2024, 4:05:29 AM",Kudos,Activity,12231352377
"Aug 25, 2024, 2:05:33 PM",Kudos,Activity,12238687060
"Aug 25, 2024, 2:05:36 PM",Kudos,Activity,12238940920
"Aug 26, 2024, 1:22:42 AM",Kudos,Activity,12239839319
"Aug 26, 2024, 1:22:55 AM",Kudos,Activity,12239416117
"Aug 26, 2024, 1:23:30 AM",Kudos,Activity,12242508069
"Aug 26, 2024, 1:23:49 AM",Kudos,Activity,12240047303
"Aug 26, 2024, 1:49:40 PM",Kudos,Activity,12246050769
"Aug 26, 2024, 5:47:08 PM",Kudos,Activity,12248325936
"Aug 26, 2024, 5:47:16 PM",Kudos,Activity,12247262069
"Aug 27, 2024, 10:45:05 AM",Kudos,Activity,12251316822
"Aug 27, 2024, 10:45:08 AM",Kudos,Activity,12251760228
"Aug 27, 2024, 1:33:29 PM",Kudos,Activity,12255014289
"Aug 27, 2024, 1:34:26 PM",Kudos,Activity,12253989172
"Aug 27, 2024, 2:55:28 PM",Kudos,Activity,12255248961
"Aug 27, 2024, 4:23:49 PM",Kudos,Activity,12255835344
"Aug 28, 2024, 2:35:20 PM",Kudos,Activity,12262900713
"Aug 28, 2024, 2:35:31 PM",Kudos,Activity,12259146643
"Aug 28, 2024, 2:35:47 PM",Kudos,Activity,12259545746
"Aug 28, 2024, 8:24:09 PM",Kudos,Activity,12265216096
"Aug 28, 2024, 8:24:36 PM",Kudos,Activity,12264734268
"Aug 29, 2024, 12:11:18 AM",Kudos,Activity,12268810676
"Aug 29, 2024, 12:11:29 AM",Kudos,Activity,12268589953
"Aug 29, 2024, 12:11:40 AM",Kudos,Activity,12267394659
"Aug 29, 2024, 12:27:26 PM",Kudos,Activity,12271850506
"Aug 29, 2024, 12:28:06 PM",Kudos,Activity,12268966979
"Aug 29, 2024, 12:28:10 PM",Kudos,Activity,12269059580
"Aug 29, 2024, 12:28:33 PM",Kudos,Activity,12272297909
"Aug 29, 2024, 4:39:17 PM",Kudos,Activity,12273537703
"Aug 29, 2024, 4:39:25 PM",Kudos,Activity,12272662920
"Aug 29, 2024, 4:39:54 PM",Kudos,Activity,12274123310
"Aug 29, 2024, 4:40:00 PM",Kudos,Activity,12273440481
"Aug 29, 2024, 4:40:34 PM",Kudos,Activity,12272885067
"Aug 29, 2024, 7:07:20 PM",Kudos,Activity,12275402099
"Aug 29, 2024, 9:38:25 PM",Kudos,Activity,12276275282
"Aug 30, 2024, 12:27:40 PM",Kudos,Activity,12280374654
"Aug 30, 2024, 12:27:42 PM",Kudos,Activity,12280100888
"Aug 30, 2024, 12:28:05 PM",Kudos,Activity,12280468708
"Aug 30, 2024, 12:28:33 PM",Kudos,Activity,12277894125
"Aug 30, 2024, 12:28:44 PM",Kudos,Activity,12280118885
"Aug 30, 2024, 2:25:29 PM",Kudos,Activity,12281505474
"Aug 30, 2024, 6:44:18 PM",Kudos,Activity,12282368369
"Aug 30, 2024, 6:44:26 PM",Kudos,Activity,12282950796
"Oct 6, 2023, 1:19:28 AM",Like,Comment,1645076898
"Nov 21, 2023, 3:14:15 AM",Like,Comment,1674758423
"Nov 24, 2023, 8:43:24 PM",Like,Comment,1677708257
"Dec 22, 2023, 2:35:11 PM",Like,Comment,1692930419
"Mar 20, 2024, 10:17:02 AM",Like,Comment,1753725999
"Apr 7, 2024, 6:15:18 PM",Like,Comment,1768837625
"May 18, 2024, 9:21:03 PM",Like,Comment,1806280127
"May 19, 2024, 12:22:23 AM",Like,Comment,1806426346
"May 19, 2024, 10:07:54 PM",Like,Comment,1807739414
"May 19, 2024, 10:08:01 PM",Like,Comment,1807726618
"May 19, 2024, 10:07:58 PM",Like,Comment,1807235628
"May 21, 2024, 10:30:40 PM",Like,Comment,1809348854
"May 23, 2024, 4:43:24 PM",Like,Comment,1810453870
"Jun 25, 2024, 9:50:55 PM",Like,Comment,1837157424
"Jul 12, 2024, 11:40:24 AM",Like,Comment,1852063905
"Jul 12, 2024, 11:40:25 AM",Like,Comment,1852217549
"Jul 21, 2024, 12:10:08 AM",Like,Comment,1860713022
"Jul 26, 2024, 3:24:02 PM",Like,Comment,1862507031
"Jul 27, 2024, 3:25:43 AM",Like,Comment,1865762088
"Aug 4, 2024, 3:29:00 AM",Like,Comment,1872537591
"Aug 8, 2024, 5:11:45 PM",Like,Comment,1876206793
"Aug 10, 2024, 5:44:48 PM",Like,Comment,1878460062
"Aug 10, 2024, 5:44:48 PM",Like,Comment,1878460003
"Aug 10, 2024, 8:52:24 PM",Like,Comment,1878655561
"Aug 14, 2024, 7:27:40 PM",Like,Comment,1882185347
"Aug 17, 2024, 3:55:24 PM",Like,Comment,1884582140
"Aug 20, 2024, 3:21:57 PM",Like,Comment,1887054437
"Aug 21, 2024, 2:30:07 PM",Like,Comment,1888287604
"Aug 21, 2024, 2:30:16 PM",Like,Comment,1888272433
"Aug 21, 2024, 2:30:06 PM",Like,Comment,1888272919
"Aug 21, 2024, 6:47:23 PM",Like,Comment,1888426336
"Aug 23, 2024, 1:55:33 PM",Like,Comment,1889840269
"Aug 26, 2024, 5:48:35 PM",Like,Comment,1893277749
